date,edit_count,unique_editors,avg_size_change,total_size_change,topic
2008-06-03,2,1,-4.5,-9.0,2022_FIFA_World_Cup
2009-01-19,1,1,-80.0,-80.0,2022_FIFA_World_Cup
2009-09-14,1,1,0.0,0.0,2022_FIFA_World_Cup
2010-12-02,115,69,-109.73913043478261,-12620.0,2022_FIFA_World_Cup
2010-12-03,64,28,-31.78125,-2034.0,2022_FIFA_World_Cup
2010-12-04,51,28,-69.3921568627451,-3539.0,2022_FIFA_World_Cup
2010-12-05,36,27,36.19444444444444,1303.0,2022_FIFA_World_Cup
2010-12-06,25,14,15.88,397.0,2022_FIFA_World_Cup
2010-12-07,20,12,-27.5,-550.0,2022_FIFA_World_Cup
2010-12-08,11,7,2.272727272727273,25.0,2022_FIFA_World_Cup
2010-12-09,12,8,5.583333333333333,67.0,2022_FIFA_World_Cup
2010-12-10,1,1,-42.0,-42.0,2022_FIFA_World_Cup
2010-12-11,1,1,-452.0,-452.0,2022_FIFA_World_Cup
2010-12-12,8,6,-2.5,-20.0,2022_FIFA_World_Cup
2010-12-13,6,5,-77.66666666666667,-466.0,2022_FIFA_World_Cup
2010-12-14,6,4,-33.5,-201.0,2022_FIFA_World_Cup
2010-12-15,7,6,0.14285714285714285,1.0,2022_FIFA_World_Cup
2010-12-16,3,1,-368.0,-1104.0,2022_FIFA_World_Cup
2010-12-17,4,3,-103.0,-412.0,2022_FIFA_World_Cup
2010-12-18,6,6,-12.166666666666666,-73.0,2022_FIFA_World_Cup
2010-12-19,9,6,-58.77777777777778,-529.0,2022_FIFA_World_Cup
2010-12-20,6,3,67.16666666666667,403.0,2022_FIFA_World_Cup
2010-12-22,3,3,-37.666666666666664,-113.0,2022_FIFA_World_Cup
2010-12-23,6,4,24.5,147.0,2022_FIFA_World_Cup
2010-12-24,1,1,-27.0,-27.0,2022_FIFA_World_Cup
2010-12-25,4,4,1.0,4.0,2022_FIFA_World_Cup
2010-12-26,1,1,-69.0,-69.0,2022_FIFA_World_Cup
2010-12-27,2,2,-1031.5,-2063.0,2022_FIFA_World_Cup
2010-12-29,5,3,418.4,2092.0,2022_FIFA_World_Cup
2010-12-30,4,3,10.25,41.0,2022_FIFA_World_Cup
2010-12-31,3,3,-0.3333333333333333,-1.0,2022_FIFA_World_Cup
2011-01-02,1,1,-23.0,-23.0,2022_FIFA_World_Cup
2011-01-04,7,3,-5.857142857142857,-41.0,2022_FIFA_World_Cup
2011-01-07,16,7,-57.9375,-927.0,2022_FIFA_World_Cup
2011-01-08,8,4,-121.75,-974.0,2022_FIFA_World_Cup
2011-01-09,5,3,-71.0,-355.0,2022_FIFA_World_Cup
2011-01-10,1,1,-132.0,-132.0,2022_FIFA_World_Cup
2011-01-11,2,2,66.0,132.0,2022_FIFA_World_Cup
2011-01-12,3,3,63.333333333333336,190.0,2022_FIFA_World_Cup
2011-01-13,2,2,-6.5,-13.0,2022_FIFA_World_Cup
2011-01-14,4,3,29.75,119.0,2022_FIFA_World_Cup
2011-01-15,4,4,317.75,1271.0,2022_FIFA_World_Cup
2011-01-17,8,5,-162.375,-1299.0,2022_FIFA_World_Cup
2011-01-18,4,4,28.25,113.0,2022_FIFA_World_Cup
2011-01-19,4,1,-10.75,-43.0,2022_FIFA_World_Cup
2011-01-22,2,2,-79.5,-159.0,2022_FIFA_World_Cup
2011-01-23,2,2,-18.0,-36.0,2022_FIFA_World_Cup
2011-01-31,2,1,4.0,8.0,2022_FIFA_World_Cup
2011-02-02,1,1,1.0,1.0,2022_FIFA_World_Cup
2011-02-03,1,1,-10.0,-10.0,2022_FIFA_World_Cup
2011-02-05,4,2,2.25,9.0,2022_FIFA_World_Cup
2011-02-06,2,2,-10.0,-20.0,2022_FIFA_World_Cup
2011-02-08,1,1,4.0,4.0,2022_FIFA_World_Cup
2011-02-09,1,1,8.0,8.0,2022_FIFA_World_Cup
2011-02-10,1,1,0.0,0.0,2022_FIFA_World_Cup
2011-02-15,5,2,17.2,86.0,2022_FIFA_World_Cup
2011-02-19,2,1,-4.0,-8.0,2022_FIFA_World_Cup
2011-02-26,7,5,1.0,7.0,2022_FIFA_World_Cup
2011-03-07,2,1,-34.0,-68.0,2022_FIFA_World_Cup
2011-03-13,2,2,12.0,24.0,2022_FIFA_World_Cup
2011-03-17,1,1,-18.0,-18.0,2022_FIFA_World_Cup
2011-03-24,2,2,13.0,26.0,2022_FIFA_World_Cup
2011-03-27,4,3,-0.75,-3.0,2022_FIFA_World_Cup
2011-03-31,1,1,-86.0,-86.0,2022_FIFA_World_Cup
2011-04-01,2,2,4.0,8.0,2022_FIFA_World_Cup
2011-04-02,2,2,-137.5,-275.0,2022_FIFA_World_Cup
2011-04-03,1,1,-327.0,-327.0,2022_FIFA_World_Cup
2011-04-05,3,2,-26.666666666666668,-80.0,2022_FIFA_World_Cup
2011-04-06,2,2,207.5,415.0,2022_FIFA_World_Cup
2011-04-07,6,3,-1.3333333333333333,-8.0,2022_FIFA_World_Cup
2011-04-09,1,1,-407.0,-407.0,2022_FIFA_World_Cup
2011-04-10,3,2,135.66666666666666,407.0,2022_FIFA_World_Cup
2011-04-11,5,3,-213.6,-1068.0,2022_FIFA_World_Cup
2011-04-14,1,1,-4.0,-4.0,2022_FIFA_World_Cup
2011-04-27,1,1,-2.0,-2.0,2022_FIFA_World_Cup
2011-05-06,2,2,-98.0,-196.0,2022_FIFA_World_Cup
2011-05-11,2,2,0.0,0.0,2022_FIFA_World_Cup
2011-05-12,4,3,31.5,126.0,2022_FIFA_World_Cup
2011-05-13,2,2,-119.0,-238.0,2022_FIFA_World_Cup
2011-05-14,1,1,-425.0,-425.0,2022_FIFA_World_Cup
2011-05-20,5,5,81.4,407.0,2022_FIFA_World_Cup
2011-05-24,1,1,1307.0,1307.0,2022_FIFA_World_Cup
2011-05-26,6,4,-252.83333333333334,-1517.0,2022_FIFA_World_Cup
2011-05-28,12,6,-13.583333333333334,-163.0,2022_FIFA_World_Cup
2011-05-30,9,3,-134.88888888888889,-1214.0,2022_FIFA_World_Cup
2011-05-31,1,1,-208.0,-208.0,2022_FIFA_World_Cup
2011-06-01,2,2,81.0,162.0,2022_FIFA_World_Cup
2011-06-05,1,1,-312.0,-312.0,2022_FIFA_World_Cup
2011-06-08,3,1,-26.0,-78.0,2022_FIFA_World_Cup
2011-06-10,3,3,-18.0,-54.0,2022_FIFA_World_Cup
2011-06-12,2,2,-49.0,-98.0,2022_FIFA_World_Cup
2011-06-15,4,2,36.75,147.0,2022_FIFA_World_Cup
2011-06-16,1,1,-2511.0,-2511.0,2022_FIFA_World_Cup
2011-06-21,3,2,104.0,312.0,2022_FIFA_World_Cup
2011-06-22,6,2,258.8333333333333,1553.0,2022_FIFA_World_Cup
2011-06-23,4,2,11.0,44.0,2022_FIFA_World_Cup
2011-06-24,1,1,1934.0,1934.0,2022_FIFA_World_Cup
2011-06-26,3,3,-650.3333333333334,-1951.0,2022_FIFA_World_Cup
2011-06-27,2,2,-5.0,-10.0,2022_FIFA_World_Cup
2011-06-29,4,3,-1.5,-6.0,2022_FIFA_World_Cup
2011-07-01,1,1,1.0,1.0,2022_FIFA_World_Cup
2011-07-02,2,2,4.0,8.0,2022_FIFA_World_Cup
2011-07-03,1,1,-9.0,-9.0,2022_FIFA_World_Cup
2011-07-04,1,1,1.0,1.0,2022_FIFA_World_Cup
2011-07-06,2,2,-90.0,-180.0,2022_FIFA_World_Cup
2011-07-07,2,2,89.5,179.0,2022_FIFA_World_Cup
2011-07-08,1,1,-43.0,-43.0,2022_FIFA_World_Cup
2011-07-18,3,2,18.666666666666668,56.0,2022_FIFA_World_Cup
2011-07-20,2,2,-58.5,-117.0,2022_FIFA_World_Cup
2011-07-24,5,2,22.8,114.0,2022_FIFA_World_Cup
2011-07-28,1,1,-118.0,-118.0,2022_FIFA_World_Cup
2011-07-29,2,2,54.0,108.0,2022_FIFA_World_Cup
2011-08-03,2,2,-33.0,-66.0,2022_FIFA_World_Cup
2011-08-10,3,2,-10.333333333333334,-31.0,2022_FIFA_World_Cup
2011-08-27,2,2,71.5,143.0,2022_FIFA_World_Cup
2011-08-29,1,1,-39.0,-39.0,2022_FIFA_World_Cup
2011-08-31,2,2,1.5,3.0,2022_FIFA_World_Cup
2011-09-10,2,1,0.0,0.0,2022_FIFA_World_Cup
2011-09-11,1,1,-40.0,-40.0,2022_FIFA_World_Cup
2011-09-18,1,1,-303.0,-303.0,2022_FIFA_World_Cup
2011-09-29,10,5,30.2,302.0,2022_FIFA_World_Cup
2011-10-06,2,2,-24.0,-48.0,2022_FIFA_World_Cup
2011-10-08,2,2,11.5,23.0,2022_FIFA_World_Cup
2011-10-12,2,2,-73.0,-146.0,2022_FIFA_World_Cup
2011-10-13,3,2,69.33333333333333,208.0,2022_FIFA_World_Cup
2011-10-15,1,1,25502.0,25502.0,2022_FIFA_World_Cup
2011-10-21,3,3,-8740.666666666666,-26222.0,2022_FIFA_World_Cup
2011-10-22,1,1,-302.0,-302.0,2022_FIFA_World_Cup
2011-10-27,1,1,-18.0,-18.0,2022_FIFA_World_Cup
2011-10-28,4,3,-146.75,-587.0,2022_FIFA_World_Cup
2011-11-14,1,1,-51.0,-51.0,2022_FIFA_World_Cup
2011-11-25,1,1,8.0,8.0,2022_FIFA_World_Cup
2011-11-26,1,1,-28.0,-28.0,2022_FIFA_World_Cup
2011-11-28,2,2,14.0,28.0,2022_FIFA_World_Cup
2011-12-02,5,3,-299.0,-1495.0,2022_FIFA_World_Cup
2011-12-16,1,1,16.0,16.0,2022_FIFA_World_Cup
2011-12-20,1,1,-28.0,-28.0,2022_FIFA_World_Cup
2011-12-25,3,2,10.0,30.0,2022_FIFA_World_Cup
2012-01-17,2,2,-13.0,-26.0,2022_FIFA_World_Cup
2012-01-28,1,1,-85.0,-85.0,2022_FIFA_World_Cup
2012-02-01,5,2,11.4,57.0,2022_FIFA_World_Cup
2012-02-04,2,2,-18.5,-37.0,2022_FIFA_World_Cup
2012-02-07,2,2,25.0,50.0,2022_FIFA_World_Cup
2012-02-13,1,1,-25.0,-25.0,2022_FIFA_World_Cup
2012-02-19,2,2,-2.5,-5.0,2022_FIFA_World_Cup
2012-02-26,1,1,-251.0,-251.0,2022_FIFA_World_Cup
2012-02-28,2,2,-147.5,-295.0,2022_FIFA_World_Cup
2012-03-06,2,2,42.5,85.0,2022_FIFA_World_Cup
2012-03-09,2,2,-30.5,-61.0,2022_FIFA_World_Cup
2012-03-14,16,12,0.5625,9.0,2022_FIFA_World_Cup
2012-03-15,3,2,-58.333333333333336,-175.0,2022_FIFA_World_Cup
2012-03-18,1,1,54.0,54.0,2022_FIFA_World_Cup
2012-03-19,1,1,-1083.0,-1083.0,2022_FIFA_World_Cup
2012-03-20,1,1,-20.0,-20.0,2022_FIFA_World_Cup
2012-03-29,3,2,5.333333333333333,16.0,2022_FIFA_World_Cup
2012-03-30,26,16,-23.76923076923077,-618.0,2022_FIFA_World_Cup
2012-03-31,4,2,2.25,9.0,2022_FIFA_World_Cup
2012-04-01,1,1,26.0,26.0,2022_FIFA_World_Cup
2012-04-02,2,1,-3.5,-7.0,2022_FIFA_World_Cup
2012-04-11,2,1,1197.0,2394.0,2022_FIFA_World_Cup
2012-04-23,1,1,-269.0,-269.0,2022_FIFA_World_Cup
2012-04-24,1,1,0.0,0.0,2022_FIFA_World_Cup
2012-06-08,1,1,75.0,75.0,2022_FIFA_World_Cup
2012-06-12,1,1,-36.0,-36.0,2022_FIFA_World_Cup
2012-06-13,1,1,-23.0,-23.0,2022_FIFA_World_Cup
2012-06-16,5,5,-2.8,-14.0,2022_FIFA_World_Cup
2012-06-20,3,2,791.3333333333334,2374.0,2022_FIFA_World_Cup
2012-06-21,3,3,-805.6666666666666,-2417.0,2022_FIFA_World_Cup
2012-06-28,2,2,13.0,26.0,2022_FIFA_World_Cup
2012-07-10,2,2,5.0,10.0,2022_FIFA_World_Cup
2012-07-25,6,2,-22.0,-132.0,2022_FIFA_World_Cup
2012-07-29,2,1,-14.0,-28.0,2022_FIFA_World_Cup
2012-07-30,2,2,-14.5,-29.0,2022_FIFA_World_Cup
2012-08-07,2,2,0.0,0.0,2022_FIFA_World_Cup
2012-08-09,1,1,-145.0,-145.0,2022_FIFA_World_Cup
2012-08-10,1,1,0.0,0.0,2022_FIFA_World_Cup
2012-08-17,1,1,29.0,29.0,2022_FIFA_World_Cup
2012-08-18,2,1,-0.5,-1.0,2022_FIFA_World_Cup
2012-08-27,1,1,0.0,0.0,2022_FIFA_World_Cup
2012-09-02,2,2,-1.0,-2.0,2022_FIFA_World_Cup
2012-09-08,2,2,-10.5,-21.0,2022_FIFA_World_Cup
2012-09-23,3,2,15.333333333333334,46.0,2022_FIFA_World_Cup
2012-09-26,2,2,-21.5,-43.0,2022_FIFA_World_Cup
2012-10-01,2,2,18.5,37.0,2022_FIFA_World_Cup
2012-10-10,2,1,-624.5,-1249.0,2022_FIFA_World_Cup
2012-10-12,1,1,-28.0,-28.0,2022_FIFA_World_Cup
2012-10-14,6,2,-4.833333333333333,-29.0,2022_FIFA_World_Cup
2012-10-15,6,3,1.0,6.0,2022_FIFA_World_Cup
2012-10-16,1,1,6.0,6.0,2022_FIFA_World_Cup
2012-10-18,1,1,-33.0,-33.0,2022_FIFA_World_Cup
2012-10-20,2,2,6.0,12.0,2022_FIFA_World_Cup
2012-11-13,2,2,-17.0,-34.0,2022_FIFA_World_Cup
2012-11-15,2,2,-2.5,-5.0,2022_FIFA_World_Cup
2012-11-16,1,1,-1708.0,-1708.0,2022_FIFA_World_Cup
2012-11-20,7,2,241.57142857142858,1691.0,2022_FIFA_World_Cup
2012-12-03,2,2,8.0,16.0,2022_FIFA_World_Cup
2012-12-05,1,1,3.0,3.0,2022_FIFA_World_Cup
2012-12-30,2,2,-62.0,-124.0,2022_FIFA_World_Cup
2013-01-13,3,3,34.0,102.0,2022_FIFA_World_Cup
2013-01-16,2,1,-30.0,-60.0,2022_FIFA_World_Cup
2013-01-20,2,2,-32.0,-64.0,2022_FIFA_World_Cup
2013-01-25,1,1,-4.0,-4.0,2022_FIFA_World_Cup
2013-01-30,1,1,28.0,28.0,2022_FIFA_World_Cup
2013-01-31,1,1,-54.0,-54.0,2022_FIFA_World_Cup
2013-02-05,2,2,-6.5,-13.0,2022_FIFA_World_Cup
2013-02-14,2,2,21.5,43.0,2022_FIFA_World_Cup
2013-02-20,1,1,1755.0,1755.0,2022_FIFA_World_Cup
2013-02-21,1,1,-1019.0,-1019.0,2022_FIFA_World_Cup
2013-02-28,6,2,-316.3333333333333,-1898.0,2022_FIFA_World_Cup
2013-03-02,2,2,745.0,1490.0,2022_FIFA_World_Cup
2013-03-03,3,3,-8.0,-24.0,2022_FIFA_World_Cup
2013-03-04,4,3,-63.0,-252.0,2022_FIFA_World_Cup
2013-03-08,1,1,-86.0,-86.0,2022_FIFA_World_Cup
2013-03-13,5,3,30.0,150.0,2022_FIFA_World_Cup
2013-03-19,1,1,-55.0,-55.0,2022_FIFA_World_Cup
2013-03-20,2,2,28.0,56.0,2022_FIFA_World_Cup
2013-03-23,3,2,15.666666666666666,47.0,2022_FIFA_World_Cup
2013-03-26,1,1,-178.0,-178.0,2022_FIFA_World_Cup
2013-04-01,2,2,116.5,233.0,2022_FIFA_World_Cup
2013-04-06,1,1,-26.0,-26.0,2022_FIFA_World_Cup
2013-04-10,2,2,-119.5,-239.0,2022_FIFA_World_Cup
2013-04-14,1,1,1.0,1.0,2022_FIFA_World_Cup
2013-04-23,3,2,-2.6666666666666665,-8.0,2022_FIFA_World_Cup
2013-05-04,1,1,-3.0,-3.0,2022_FIFA_World_Cup
2013-05-12,1,1,-58.0,-58.0,2022_FIFA_World_Cup
2013-05-14,1,1,-330.0,-330.0,2022_FIFA_World_Cup
2013-05-16,2,2,-70.0,-140.0,2022_FIFA_World_Cup
2013-05-21,1,1,-62.0,-62.0,2022_FIFA_World_Cup
2013-05-25,5,2,-281.4,-1407.0,2022_FIFA_World_Cup
2013-05-30,4,2,124.0,496.0,2022_FIFA_World_Cup
2013-06-02,2,2,-6.5,-13.0,2022_FIFA_World_Cup
2013-06-03,3,1,798.3333333333334,2395.0,2022_FIFA_World_Cup
2013-06-09,2,2,-1203.5,-2407.0,2022_FIFA_World_Cup
2013-06-11,2,1,42.5,85.0,2022_FIFA_World_Cup
2013-06-15,1,1,20.0,20.0,2022_FIFA_World_Cup
2013-06-16,2,1,-220.5,-441.0,2022_FIFA_World_Cup
2013-06-18,2,2,-745.0,-1490.0,2022_FIFA_World_Cup
2013-06-20,2,2,-6.0,-12.0,2022_FIFA_World_Cup
2013-06-24,2,2,-373.5,-747.0,2022_FIFA_World_Cup
2013-07-03,4,2,188.0,752.0,2022_FIFA_World_Cup
2013-07-05,1,1,-15.0,-15.0,2022_FIFA_World_Cup
2013-07-13,2,2,-126.0,-252.0,2022_FIFA_World_Cup
2013-07-18,4,3,-60.25,-241.0,2022_FIFA_World_Cup
2013-07-25,2,1,2.5,5.0,2022_FIFA_World_Cup
2013-07-29,1,1,-172.0,-172.0,2022_FIFA_World_Cup
2013-08-01,2,2,50.0,100.0,2022_FIFA_World_Cup
2013-08-09,4,3,151.5,606.0,2022_FIFA_World_Cup
2013-08-10,3,2,-265.0,-795.0,2022_FIFA_World_Cup
2013-08-20,3,3,11.333333333333334,34.0,2022_FIFA_World_Cup
2013-08-25,1,1,-13.0,-13.0,2022_FIFA_World_Cup
2013-08-29,4,4,-5.25,-21.0,2022_FIFA_World_Cup
2013-09-03,1,1,-15.0,-15.0,2022_FIFA_World_Cup
2013-09-07,1,1,-216.0,-216.0,2022_FIFA_World_Cup
2013-09-08,2,2,39.5,79.0,2022_FIFA_World_Cup
2013-09-09,2,2,45.0,90.0,2022_FIFA_World_Cup
2013-09-12,1,1,-1.0,-1.0,2022_FIFA_World_Cup
2013-09-14,1,1,-489.0,-489.0,2022_FIFA_World_Cup
2013-09-15,2,2,-50.0,-100.0,2022_FIFA_World_Cup
2013-09-20,2,2,-47.5,-95.0,2022_FIFA_World_Cup
2013-09-21,10,3,-7.0,-70.0,2022_FIFA_World_Cup
2013-09-23,3,2,-5.0,-15.0,2022_FIFA_World_Cup
2013-09-24,4,2,-443.0,-1772.0,2022_FIFA_World_Cup
2013-09-25,7,2,-105.57142857142857,-739.0,2022_FIFA_World_Cup
2013-09-26,6,3,-50.333333333333336,-302.0,2022_FIFA_World_Cup
2013-09-27,2,2,0.0,0.0,2022_FIFA_World_Cup
2013-09-28,1,1,-35.0,-35.0,2022_FIFA_World_Cup
2013-09-29,2,1,11.5,23.0,2022_FIFA_World_Cup
2013-09-30,10,2,27.1,271.0,2022_FIFA_World_Cup
2013-10-04,4,3,-15.5,-62.0,2022_FIFA_World_Cup
2013-10-09,1,1,-25.0,-25.0,2022_FIFA_World_Cup
2013-10-14,1,1,-95.0,-95.0,2022_FIFA_World_Cup
2013-10-19,1,1,-4.0,-4.0,2022_FIFA_World_Cup
2013-10-20,1,1,0.0,0.0,2022_FIFA_World_Cup
2013-10-23,1,1,-68.0,-68.0,2022_FIFA_World_Cup
2013-10-29,1,1,-12.0,-12.0,2022_FIFA_World_Cup
2013-11-08,2,2,39.0,78.0,2022_FIFA_World_Cup
2013-11-14,4,3,-16.75,-67.0,2022_FIFA_World_Cup
2013-11-15,1,1,4.0,4.0,2022_FIFA_World_Cup
2013-11-17,2,2,0.0,0.0,2022_FIFA_World_Cup
2013-11-18,4,3,-154.5,-618.0,2022_FIFA_World_Cup
2013-11-19,3,1,-481.0,-1443.0,2022_FIFA_World_Cup
2013-11-23,5,2,256.4,1282.0,2022_FIFA_World_Cup
2013-11-24,2,2,49.0,98.0,2022_FIFA_World_Cup
2013-12-08,1,1,-39.0,-39.0,2022_FIFA_World_Cup
2014-01-06,2,2,0.0,0.0,2022_FIFA_World_Cup
2014-01-07,2,2,51.0,102.0,2022_FIFA_World_Cup
2014-01-08,12,8,-13.166666666666666,-158.0,2022_FIFA_World_Cup
2014-01-09,5,3,-298.0,-1490.0,2022_FIFA_World_Cup
2014-01-25,2,2,8.5,17.0,2022_FIFA_World_Cup
2014-02-08,1,1,129.0,129.0,2022_FIFA_World_Cup
2014-02-11,1,1,-194.0,-194.0,2022_FIFA_World_Cup
2014-02-17,2,2,-103.5,-207.0,2022_FIFA_World_Cup
2014-02-20,2,2,-109.0,-218.0,2022_FIFA_World_Cup
2014-02-21,2,2,-383.5,-767.0,2022_FIFA_World_Cup
2014-02-25,7,3,-19.571428571428573,-137.0,2022_FIFA_World_Cup
2014-02-27,3,3,30.0,90.0,2022_FIFA_World_Cup
2014-03-05,3,3,0.0,0.0,2022_FIFA_World_Cup
2014-03-11,2,2,-70.5,-141.0,2022_FIFA_World_Cup
2014-03-13,3,3,-404.3333333333333,-1213.0,2022_FIFA_World_Cup
2014-03-20,2,2,13.0,26.0,2022_FIFA_World_Cup
2014-03-27,2,2,12.5,25.0,2022_FIFA_World_Cup
2014-03-28,2,2,-61.0,-122.0,2022_FIFA_World_Cup
2014-04-06,2,2,60.0,120.0,2022_FIFA_World_Cup
2014-04-07,1,1,-336.0,-336.0,2022_FIFA_World_Cup
2014-04-13,1,1,-413.0,-413.0,2022_FIFA_World_Cup
2014-04-20,1,1,-460.0,-460.0,2022_FIFA_World_Cup
2014-04-22,3,3,148.0,444.0,2022_FIFA_World_Cup
2014-04-24,1,1,-36.0,-36.0,2022_FIFA_World_Cup
2014-04-25,2,2,-14.0,-28.0,2022_FIFA_World_Cup
2014-04-29,4,3,1.25,5.0,2022_FIFA_World_Cup
2014-05-06,1,1,7.0,7.0,2022_FIFA_World_Cup
2014-05-14,2,2,170.5,341.0,2022_FIFA_World_Cup
2014-05-15,1,1,-205.0,-205.0,2022_FIFA_World_Cup
2014-05-16,6,4,-73.5,-441.0,2022_FIFA_World_Cup
2014-05-17,6,5,-120.83333333333333,-725.0,2022_FIFA_World_Cup
2014-05-28,2,2,1541.0,3082.0,2022_FIFA_World_Cup
2014-06-01,9,7,344.55555555555554,3101.0,2022_FIFA_World_Cup
2014-06-02,8,7,79.375,635.0,2022_FIFA_World_Cup
2014-06-03,4,2,3633.75,14535.0,2022_FIFA_World_Cup
2014-06-05,9,5,-43.22222222222222,-389.0,2022_FIFA_World_Cup
2014-06-07,3,3,93.66666666666667,281.0,2022_FIFA_World_Cup
2014-06-08,8,8,-254.0,-2032.0,2022_FIFA_World_Cup
2014-06-09,9,7,-148.77777777777777,-1339.0,2022_FIFA_World_Cup
2014-06-10,7,6,-45.57142857142857,-319.0,2022_FIFA_World_Cup
2014-06-12,5,5,-7.4,-37.0,2022_FIFA_World_Cup
2014-06-13,2,2,17.5,35.0,2022_FIFA_World_Cup
2014-06-14,1,1,-28.0,-28.0,2022_FIFA_World_Cup
2014-06-15,3,3,-12.333333333333334,-37.0,2022_FIFA_World_Cup
2014-06-16,7,4,12.142857142857142,85.0,2022_FIFA_World_Cup
2014-06-17,26,8,4.384615384615385,114.0,2022_FIFA_World_Cup
2014-06-18,5,3,-13.0,-65.0,2022_FIFA_World_Cup
2014-06-19,2,2,9.5,19.0,2022_FIFA_World_Cup
2014-06-20,6,6,1.0,6.0,2022_FIFA_World_Cup
2014-06-21,10,7,-10.6,-106.0,2022_FIFA_World_Cup
2014-06-22,3,3,-14.666666666666666,-44.0,2022_FIFA_World_Cup
2014-06-23,3,2,1262.6666666666667,3788.0,2022_FIFA_World_Cup
2014-06-26,2,2,-1887.5,-3775.0,2022_FIFA_World_Cup
2014-06-28,13,7,2.1538461538461537,28.0,2022_FIFA_World_Cup
2014-06-29,3,3,2.6666666666666665,8.0,2022_FIFA_World_Cup
2014-07-01,4,3,-20.25,-81.0,2022_FIFA_World_Cup
2014-07-04,3,3,-362.3333333333333,-1087.0,2022_FIFA_World_Cup
2014-07-06,11,2,27.636363636363637,304.0,2022_FIFA_World_Cup
2014-07-07,5,2,-34.4,-172.0,2022_FIFA_World_Cup
2014-07-09,3,2,-3.6666666666666665,-11.0,2022_FIFA_World_Cup
2014-07-10,6,1,-28.666666666666668,-172.0,2022_FIFA_World_Cup
2014-07-11,2,1,3.5,7.0,2022_FIFA_World_Cup
2014-07-12,1,1,-29.0,-29.0,2022_FIFA_World_Cup
2014-07-13,2,2,-11.0,-22.0,2022_FIFA_World_Cup
2014-07-14,1,1,43.0,43.0,2022_FIFA_World_Cup
2014-07-16,5,1,23.8,119.0,2022_FIFA_World_Cup
2014-07-18,26,7,-2.3076923076923075,-60.0,2022_FIFA_World_Cup
2014-07-19,10,3,137.3,1373.0,2022_FIFA_World_Cup
2014-07-20,1,1,-137.0,-137.0,2022_FIFA_World_Cup
2014-07-29,5,2,7.8,39.0,2022_FIFA_World_Cup
2014-08-01,2,2,51.0,102.0,2022_FIFA_World_Cup
2014-08-03,1,1,-54.0,-54.0,2022_FIFA_World_Cup
2014-08-04,5,4,-54.6,-273.0,2022_FIFA_World_Cup
2014-08-05,2,2,-89.5,-179.0,2022_FIFA_World_Cup
2014-08-06,3,3,-123.66666666666667,-371.0,2022_FIFA_World_Cup
2014-08-07,1,1,-4.0,-4.0,2022_FIFA_World_Cup
2014-08-10,2,2,-27.5,-55.0,2022_FIFA_World_Cup
2014-08-18,1,1,-453.0,-453.0,2022_FIFA_World_Cup
2014-08-19,3,2,-19.0,-57.0,2022_FIFA_World_Cup
2014-08-26,2,2,12.0,24.0,2022_FIFA_World_Cup
2014-09-03,2,2,2.5,5.0,2022_FIFA_World_Cup
2014-09-04,1,1,-13.0,-13.0,2022_FIFA_World_Cup
2014-09-05,1,1,-19.0,-19.0,2022_FIFA_World_Cup
2014-09-14,2,2,17.0,34.0,2022_FIFA_World_Cup
2014-09-15,4,2,-1.0,-4.0,2022_FIFA_World_Cup
2014-09-16,1,1,4.0,4.0,2022_FIFA_World_Cup
2014-09-17,1,1,463.0,463.0,2022_FIFA_World_Cup
2014-09-18,1,1,0.0,0.0,2022_FIFA_World_Cup
2014-09-19,1,1,-39.0,-39.0,2022_FIFA_World_Cup
2014-09-20,1,1,-469.0,-469.0,2022_FIFA_World_Cup
2014-09-22,11,9,-1.0909090909090908,-12.0,2022_FIFA_World_Cup
2014-09-23,1,1,12.0,12.0,2022_FIFA_World_Cup
2014-09-24,2,2,205.5,411.0,2022_FIFA_World_Cup
2014-09-25,1,1,-27.0,-27.0,2022_FIFA_World_Cup
2014-09-26,1,1,-4.0,-4.0,2022_FIFA_World_Cup
2014-09-28,2,1,0.0,0.0,2022_FIFA_World_Cup
2014-09-30,2,2,-28.5,-57.0,2022_FIFA_World_Cup
2014-10-02,1,1,61.0,61.0,2022_FIFA_World_Cup
2014-10-03,3,2,9844.666666666666,29534.0,2022_FIFA_World_Cup
2014-10-04,2,2,-14768.0,-29536.0,2022_FIFA_World_Cup
2014-10-09,1,1,-1.0,-1.0,2022_FIFA_World_Cup
2014-10-18,1,1,-222.0,-222.0,2022_FIFA_World_Cup
2014-10-24,1,1,222.0,222.0,2022_FIFA_World_Cup
2014-10-25,1,1,-579.0,-579.0,2022_FIFA_World_Cup
2014-10-29,4,2,51.25,205.0,2022_FIFA_World_Cup
2014-11-01,2,2,-33.0,-66.0,2022_FIFA_World_Cup
2014-11-04,4,2,9.0,36.0,2022_FIFA_World_Cup
2014-11-07,2,2,508.5,1017.0,2022_FIFA_World_Cup
2014-11-13,8,5,-18.125,-145.0,2022_FIFA_World_Cup
2014-11-18,13,7,-8.923076923076923,-116.0,2022_FIFA_World_Cup
2014-11-19,2,2,-13.0,-26.0,2022_FIFA_World_Cup
2014-11-22,2,2,-16.0,-32.0,2022_FIFA_World_Cup
2014-11-27,2,2,-14.0,-28.0,2022_FIFA_World_Cup
2014-12-01,5,3,19.2,96.0,2022_FIFA_World_Cup
2014-12-02,6,4,-14.5,-87.0,2022_FIFA_World_Cup
2014-12-03,3,2,-23.666666666666668,-71.0,2022_FIFA_World_Cup
2014-12-04,2,2,9.5,19.0,2022_FIFA_World_Cup
2014-12-10,11,2,-26.727272727272727,-294.0,2022_FIFA_World_Cup
2014-12-12,1,1,-12.0,-12.0,2022_FIFA_World_Cup
2014-12-16,1,1,0.0,0.0,2022_FIFA_World_Cup
2014-12-19,1,1,2.0,2.0,2022_FIFA_World_Cup
2014-12-20,1,1,-565.0,-565.0,2022_FIFA_World_Cup
2014-12-21,2,1,9.5,19.0,2022_FIFA_World_Cup
2014-12-23,1,1,543.0,543.0,2022_FIFA_World_Cup
2014-12-24,1,1,-35.0,-35.0,2022_FIFA_World_Cup
2015-01-02,1,1,-569.0,-569.0,2022_FIFA_World_Cup
2015-01-04,5,1,113.0,565.0,2022_FIFA_World_Cup
2015-01-07,1,1,4.0,4.0,2022_FIFA_World_Cup
2015-01-08,1,1,648.0,648.0,2022_FIFA_World_Cup
2015-01-26,1,1,-259.0,-259.0,2022_FIFA_World_Cup
2015-01-27,1,1,-245.0,-245.0,2022_FIFA_World_Cup
2015-01-28,3,1,-25.0,-75.0,2022_FIFA_World_Cup
2015-01-29,1,1,-24.0,-24.0,2022_FIFA_World_Cup
2015-01-30,1,1,-5.0,-5.0,2022_FIFA_World_Cup
2015-02-01,2,2,14.5,29.0,2022_FIFA_World_Cup
2015-02-10,1,1,51.0,51.0,2022_FIFA_World_Cup
2015-02-17,1,1,-10.0,-10.0,2022_FIFA_World_Cup
2015-02-18,2,2,-26.5,-53.0,2022_FIFA_World_Cup
2015-02-19,4,4,-179.5,-718.0,2022_FIFA_World_Cup
2015-02-21,2,2,-67.0,-134.0,2022_FIFA_World_Cup
2015-02-23,14,7,-4.285714285714286,-60.0,2022_FIFA_World_Cup
2015-02-24,20,12,-81.0,-1620.0,2022_FIFA_World_Cup
2015-02-25,1,1,-4.0,-4.0,2022_FIFA_World_Cup
2015-02-26,1,1,-2390.0,-2390.0,2022_FIFA_World_Cup
2015-02-28,1,1,-1.0,-1.0,2022_FIFA_World_Cup
2015-03-01,1,1,-94.0,-94.0,2022_FIFA_World_Cup
2015-03-02,2,1,-31.5,-63.0,2022_FIFA_World_Cup
2015-03-07,3,1,264.3333333333333,793.0,2022_FIFA_World_Cup
2015-03-10,1,1,-5.0,-5.0,2022_FIFA_World_Cup
2015-03-11,1,1,2.0,2.0,2022_FIFA_World_Cup
2015-03-17,1,1,0.0,0.0,2022_FIFA_World_Cup
2015-03-19,18,8,-0.2777777777777778,-5.0,2022_FIFA_World_Cup
2015-03-20,5,4,-84.8,-424.0,2022_FIFA_World_Cup
2015-03-23,2,2,-12.5,-25.0,2022_FIFA_World_Cup
2015-03-24,3,3,8.333333333333334,25.0,2022_FIFA_World_Cup
2015-04-02,6,2,-1.5,-9.0,2022_FIFA_World_Cup
2015-04-05,1,1,-29.0,-29.0,2022_FIFA_World_Cup
2015-04-08,2,2,243.0,486.0,2022_FIFA_World_Cup
2015-04-15,2,2,5.0,10.0,2022_FIFA_World_Cup
2015-04-22,2,2,-12.0,-24.0,2022_FIFA_World_Cup
2015-04-25,1,1,8.0,8.0,2022_FIFA_World_Cup
2015-05-05,3,2,-8.666666666666666,-26.0,2022_FIFA_World_Cup
2015-05-08,3,2,6.333333333333333,19.0,2022_FIFA_World_Cup
2015-05-10,2,1,-15.5,-31.0,2022_FIFA_World_Cup
2015-05-16,2,1,-316.0,-632.0,2022_FIFA_World_Cup
2015-05-18,2,1,-845.5,-1691.0,2022_FIFA_World_Cup
2015-05-27,2,2,-245.0,-490.0,2022_FIFA_World_Cup
2015-05-28,14,7,73.71428571428571,1032.0,2022_FIFA_World_Cup
2015-05-29,8,8,-96.125,-769.0,2022_FIFA_World_Cup
2015-05-30,2,1,-55.0,-110.0,2022_FIFA_World_Cup
2015-05-31,2,2,42.5,85.0,2022_FIFA_World_Cup
2015-06-01,5,3,9.4,47.0,2022_FIFA_World_Cup
2015-06-02,7,6,9.714285714285714,68.0,2022_FIFA_World_Cup
2015-06-03,6,6,13.833333333333334,83.0,2022_FIFA_World_Cup
2015-06-04,3,3,-150.0,-450.0,2022_FIFA_World_Cup
2015-06-05,3,3,-45.666666666666664,-137.0,2022_FIFA_World_Cup
2015-06-06,2,1,-205.5,-411.0,2022_FIFA_World_Cup
2015-06-07,26,11,-68.03846153846153,-1769.0,2022_FIFA_World_Cup
2015-06-08,7,5,-125.0,-875.0,2022_FIFA_World_Cup
2015-06-09,7,6,0.42857142857142855,3.0,2022_FIFA_World_Cup
2015-06-11,2,2,4.0,8.0,2022_FIFA_World_Cup
2015-06-14,4,3,51.5,206.0,2022_FIFA_World_Cup
2015-06-15,5,1,-87.8,-439.0,2022_FIFA_World_Cup
2015-06-19,1,1,-13.0,-13.0,2022_FIFA_World_Cup
2015-06-20,2,2,5.0,10.0,2022_FIFA_World_Cup
2015-06-22,2,2,-116.0,-232.0,2022_FIFA_World_Cup
2015-06-23,6,6,39.166666666666664,235.0,2022_FIFA_World_Cup
2015-06-24,4,2,159.0,636.0,2022_FIFA_World_Cup
2015-06-26,4,4,-110.25,-441.0,2022_FIFA_World_Cup
2015-06-27,2,1,3.5,7.0,2022_FIFA_World_Cup
2015-07-06,1,1,-5.0,-5.0,2022_FIFA_World_Cup
2015-07-07,5,3,-0.2,-1.0,2022_FIFA_World_Cup
2015-07-11,1,1,-3.0,-3.0,2022_FIFA_World_Cup
2015-07-13,1,1,-127.0,-127.0,2022_FIFA_World_Cup
2015-07-18,2,2,61.5,123.0,2022_FIFA_World_Cup
2015-07-20,9,7,34.333333333333336,309.0,2022_FIFA_World_Cup
2015-07-23,4,3,-85.25,-341.0,2022_FIFA_World_Cup
2015-07-24,2,1,0.5,1.0,2022_FIFA_World_Cup
2015-07-25,3,2,-1.6666666666666667,-5.0,2022_FIFA_World_Cup
2015-07-26,2,2,88.5,177.0,2022_FIFA_World_Cup
2015-08-03,28,13,-5.0,-140.0,2022_FIFA_World_Cup
2015-08-20,5,3,-26.2,-131.0,2022_FIFA_World_Cup
2015-08-29,4,3,-7.25,-29.0,2022_FIFA_World_Cup
2015-08-30,1,1,-3.0,-3.0,2022_FIFA_World_Cup
2015-09-06,2,2,9.0,18.0,2022_FIFA_World_Cup
2015-09-11,2,2,397.5,795.0,2022_FIFA_World_Cup
2015-09-15,1,1,-810.0,-810.0,2022_FIFA_World_Cup
2015-09-16,1,1,-5.0,-5.0,2022_FIFA_World_Cup
2015-09-18,2,1,2.5,5.0,2022_FIFA_World_Cup
2015-09-19,2,2,2054.0,4108.0,2022_FIFA_World_Cup
2015-09-21,6,3,-684.5,-4107.0,2022_FIFA_World_Cup
2015-09-25,2,2,-41.0,-82.0,2022_FIFA_World_Cup
2015-09-26,2,2,-28.5,-57.0,2022_FIFA_World_Cup
2015-09-30,6,3,-30.166666666666668,-181.0,2022_FIFA_World_Cup
2015-10-12,1,1,-71.0,-71.0,2022_FIFA_World_Cup
2015-11-01,2,2,31.0,62.0,2022_FIFA_World_Cup
2015-11-02,2,2,-9.0,-18.0,2022_FIFA_World_Cup
2015-11-05,2,1,-8.5,-17.0,2022_FIFA_World_Cup
2015-12-05,2,2,4.5,9.0,2022_FIFA_World_Cup
2015-12-10,2,2,-483.5,-967.0,2022_FIFA_World_Cup
2015-12-11,2,2,482.0,964.0,2022_FIFA_World_Cup
2015-12-14,1,1,-111.0,-111.0,2022_FIFA_World_Cup
2015-12-21,3,2,16.666666666666668,50.0,2022_FIFA_World_Cup
2015-12-25,2,2,15.5,31.0,2022_FIFA_World_Cup
2016-01-06,1,1,344.0,344.0,2022_FIFA_World_Cup
2016-01-08,3,3,-3.6666666666666665,-11.0,2022_FIFA_World_Cup
2016-01-24,3,2,-70.0,-210.0,2022_FIFA_World_Cup
2016-01-26,2,2,258.5,517.0,2022_FIFA_World_Cup
2016-02-04,1,1,18.0,18.0,2022_FIFA_World_Cup
2016-02-07,1,1,-1.0,-1.0,2022_FIFA_World_Cup
2016-02-23,2,2,89.0,178.0,2022_FIFA_World_Cup
2016-02-24,2,2,-181.0,-362.0,2022_FIFA_World_Cup
2016-02-26,2,2,72.5,145.0,2022_FIFA_World_Cup
2016-02-28,4,4,11.0,44.0,2022_FIFA_World_Cup
2016-03-07,2,2,-51.5,-103.0,2022_FIFA_World_Cup
2016-03-08,6,2,16.333333333333332,98.0,2022_FIFA_World_Cup
2016-03-18,1,1,-15.0,-15.0,2022_FIFA_World_Cup
2016-03-22,2,2,-1.5,-3.0,2022_FIFA_World_Cup
2016-03-26,1,1,0.0,0.0,2022_FIFA_World_Cup
2016-03-30,2,2,-212.5,-425.0,2022_FIFA_World_Cup
2016-03-31,5,3,87.4,437.0,2022_FIFA_World_Cup
2016-04-01,3,2,-146.66666666666666,-440.0,2022_FIFA_World_Cup
2016-04-18,1,1,-20.0,-20.0,2022_FIFA_World_Cup
2016-05-01,2,2,-112.0,-224.0,2022_FIFA_World_Cup
2016-05-07,2,2,-42.0,-84.0,2022_FIFA_World_Cup
2016-05-08,5,3,-8.4,-42.0,2022_FIFA_World_Cup
2016-05-19,1,1,191.0,191.0,2022_FIFA_World_Cup
2016-05-21,1,1,-1.0,-1.0,2022_FIFA_World_Cup
2016-05-22,1,1,0.0,0.0,2022_FIFA_World_Cup
2016-06-04,2,2,-171.0,-342.0,2022_FIFA_World_Cup
2016-06-13,2,2,169.0,338.0,2022_FIFA_World_Cup
2016-06-16,2,1,-10.0,-20.0,2022_FIFA_World_Cup
2016-06-17,2,2,-7.0,-14.0,2022_FIFA_World_Cup
2016-06-20,1,1,-7.0,-7.0,2022_FIFA_World_Cup
2016-06-22,3,2,6107.666666666667,18323.0,2022_FIFA_World_Cup
2016-06-27,11,8,-1672.090909090909,-18393.0,2022_FIFA_World_Cup
2016-06-28,2,2,38.5,77.0,2022_FIFA_World_Cup
2016-06-29,2,1,-14.0,-28.0,2022_FIFA_World_Cup
2016-07-03,3,2,2.3333333333333335,7.0,2022_FIFA_World_Cup
2016-07-11,2,1,-40.5,-81.0,2022_FIFA_World_Cup
2016-07-13,2,1,1634.5,3269.0,2022_FIFA_World_Cup
2016-07-17,3,2,-1078.3333333333333,-3235.0,2022_FIFA_World_Cup
2016-07-18,3,2,7.0,21.0,2022_FIFA_World_Cup
2016-07-22,1,1,-13.0,-13.0,2022_FIFA_World_Cup
2016-07-27,2,2,-322.0,-644.0,2022_FIFA_World_Cup
2016-07-30,1,1,-10.0,-10.0,2022_FIFA_World_Cup
2016-07-31,2,2,7.5,15.0,2022_FIFA_World_Cup
2016-08-01,1,1,353.0,353.0,2022_FIFA_World_Cup
2016-08-09,1,1,21.0,21.0,2022_FIFA_World_Cup
2016-08-14,1,1,-11.0,-11.0,2022_FIFA_World_Cup
2016-08-22,2,2,-167.5,-335.0,2022_FIFA_World_Cup
2016-08-24,3,1,-10.0,-30.0,2022_FIFA_World_Cup
2016-08-25,2,2,8.0,16.0,2022_FIFA_World_Cup
2016-08-29,3,1,-179.33333333333334,-538.0,2022_FIFA_World_Cup
2016-08-31,2,2,230.5,461.0,2022_FIFA_World_Cup
2016-09-04,2,2,41.5,83.0,2022_FIFA_World_Cup
2016-09-06,2,2,-54.0,-108.0,2022_FIFA_World_Cup
2016-09-13,5,2,9.6,48.0,2022_FIFA_World_Cup
2016-09-17,2,2,-64.5,-129.0,2022_FIFA_World_Cup
2016-09-19,2,2,0.0,0.0,2022_FIFA_World_Cup
2016-09-22,4,4,42.5,170.0,2022_FIFA_World_Cup
2016-10-01,4,1,-23.5,-94.0,2022_FIFA_World_Cup
2016-10-19,3,3,21.666666666666668,65.0,2022_FIFA_World_Cup
2016-10-22,6,4,9.666666666666666,58.0,2022_FIFA_World_Cup
2016-10-24,2,2,-0.5,-1.0,2022_FIFA_World_Cup
2016-10-28,1,1,46.0,46.0,2022_FIFA_World_Cup
2016-10-29,1,1,-117.0,-117.0,2022_FIFA_World_Cup
2016-11-06,5,3,25.2,126.0,2022_FIFA_World_Cup
2016-12-10,3,3,-9.0,-27.0,2022_FIFA_World_Cup
2016-12-13,1,1,-26.0,-26.0,2022_FIFA_World_Cup
2016-12-14,2,2,-21.5,-43.0,2022_FIFA_World_Cup
2016-12-20,1,1,41223.0,41223.0,2022_FIFA_World_Cup
2016-12-25,2,2,-20616.5,-41233.0,2022_FIFA_World_Cup
2016-12-26,2,2,1.5,3.0,2022_FIFA_World_Cup
2016-12-31,1,1,2632.0,2632.0,2022_FIFA_World_Cup
2017-01-03,4,3,-704.75,-2819.0,2022_FIFA_World_Cup
2017-01-10,4,3,47.25,189.0,2022_FIFA_World_Cup
2017-01-11,1,1,40.0,40.0,2022_FIFA_World_Cup
2017-01-12,2,1,9.0,18.0,2022_FIFA_World_Cup
2017-01-20,3,3,-18.0,-54.0,2022_FIFA_World_Cup
2017-02-01,2,2,-163.5,-327.0,2022_FIFA_World_Cup
2017-02-07,2,2,180.0,360.0,2022_FIFA_World_Cup
2017-02-09,2,2,-42.5,-85.0,2022_FIFA_World_Cup
2017-02-14,12,1,-213.91666666666666,-2567.0,2022_FIFA_World_Cup
2017-02-22,1,1,-73.0,-73.0,2022_FIFA_World_Cup
2017-02-24,4,2,18.0,72.0,2022_FIFA_World_Cup
2017-02-26,3,3,-22.333333333333332,-67.0,2022_FIFA_World_Cup
2017-03-03,2,2,32.5,65.0,2022_FIFA_World_Cup
2017-03-04,1,1,37.0,37.0,2022_FIFA_World_Cup
2017-03-06,1,1,3.0,3.0,2022_FIFA_World_Cup
2017-03-14,3,2,-1.0,-3.0,2022_FIFA_World_Cup
2017-03-17,2,2,-73.0,-146.0,2022_FIFA_World_Cup
2017-03-19,1,1,146.0,146.0,2022_FIFA_World_Cup
2017-03-20,1,1,0.0,0.0,2022_FIFA_World_Cup
2017-03-21,3,2,-6.666666666666667,-20.0,2022_FIFA_World_Cup
2017-03-25,2,2,139.0,278.0,2022_FIFA_World_Cup
2017-03-28,1,1,0.0,0.0,2022_FIFA_World_Cup
2017-03-29,5,5,-65.0,-325.0,2022_FIFA_World_Cup
2017-03-31,4,3,-10.5,-42.0,2022_FIFA_World_Cup
2017-04-01,2,2,-22.5,-45.0,2022_FIFA_World_Cup
2017-04-02,1,1,44.0,44.0,2022_FIFA_World_Cup
2017-04-03,1,1,0.0,0.0,2022_FIFA_World_Cup
2017-04-10,4,4,-18.25,-73.0,2022_FIFA_World_Cup
2017-04-11,1,1,-18.0,-18.0,2022_FIFA_World_Cup
2017-04-13,1,1,-4.0,-4.0,2022_FIFA_World_Cup
2017-04-14,2,2,-177.0,-354.0,2022_FIFA_World_Cup
2017-04-16,1,1,-1.0,-1.0,2022_FIFA_World_Cup
2017-04-17,3,3,-91.0,-273.0,2022_FIFA_World_Cup
2017-04-18,1,1,353.0,353.0,2022_FIFA_World_Cup
2017-04-22,1,1,-1.0,-1.0,2022_FIFA_World_Cup
2017-04-27,1,1,0.0,0.0,2022_FIFA_World_Cup
2017-04-29,1,1,-54.0,-54.0,2022_FIFA_World_Cup
2017-05-01,2,2,-3.0,-6.0,2022_FIFA_World_Cup
2017-05-06,1,1,7.0,7.0,2022_FIFA_World_Cup
2017-05-12,1,1,-58.0,-58.0,2022_FIFA_World_Cup
2017-05-15,5,3,-3.6,-18.0,2022_FIFA_World_Cup
2017-05-19,2,2,38.0,76.0,2022_FIFA_World_Cup
2017-05-31,1,1,-2686.0,-2686.0,2022_FIFA_World_Cup
2017-06-01,1,1,0.0,0.0,2022_FIFA_World_Cup
2017-06-02,2,1,-81.5,-163.0,2022_FIFA_World_Cup
2017-06-05,2,2,-11.5,-23.0,2022_FIFA_World_Cup
2017-06-06,1,1,0.0,0.0,2022_FIFA_World_Cup
2017-06-12,2,2,-26.5,-53.0,2022_FIFA_World_Cup
2017-06-14,4,3,18.5,74.0,2022_FIFA_World_Cup
2017-06-16,2,1,-11.0,-22.0,2022_FIFA_World_Cup
2017-06-19,2,2,-109.0,-218.0,2022_FIFA_World_Cup
2017-06-20,2,2,-70.0,-140.0,2022_FIFA_World_Cup
2017-06-22,1,1,-10.0,-10.0,2022_FIFA_World_Cup
2017-06-23,3,2,9.0,27.0,2022_FIFA_World_Cup
2017-06-24,1,1,164.0,164.0,2022_FIFA_World_Cup
2017-06-25,1,1,-260.0,-260.0,2022_FIFA_World_Cup
2017-06-27,1,1,691.0,691.0,2022_FIFA_World_Cup
2017-07-02,1,1,-31.0,-31.0,2022_FIFA_World_Cup
2017-07-05,4,2,-60.5,-242.0,2022_FIFA_World_Cup
2017-07-06,1,1,281.0,281.0,2022_FIFA_World_Cup
2017-07-14,2,1,3.5,7.0,2022_FIFA_World_Cup
2017-07-18,9,3,-7.111111111111111,-64.0,2022_FIFA_World_Cup
2017-07-20,2,2,22.5,45.0,2022_FIFA_World_Cup
2017-07-27,2,2,49.5,99.0,2022_FIFA_World_Cup
2017-08-05,3,2,7.333333333333333,22.0,2022_FIFA_World_Cup
2017-08-09,2,2,-83.0,-166.0,2022_FIFA_World_Cup
2017-08-11,3,3,-199.66666666666666,-599.0,2022_FIFA_World_Cup
2017-08-15,1,1,-37.0,-37.0,2022_FIFA_World_Cup
2017-08-20,1,1,0.0,0.0,2022_FIFA_World_Cup
2017-08-22,2,1,2.0,4.0,2022_FIFA_World_Cup
2017-08-25,4,3,-13.25,-53.0,2022_FIFA_World_Cup
2017-08-27,2,2,152.5,305.0,2022_FIFA_World_Cup
2017-08-31,1,1,8.0,8.0,2022_FIFA_World_Cup
2017-09-03,4,4,-18.25,-73.0,2022_FIFA_World_Cup
2017-09-06,1,1,-83.0,-83.0,2022_FIFA_World_Cup
2017-09-07,3,1,0.0,0.0,2022_FIFA_World_Cup
2017-09-08,4,4,-3.5,-14.0,2022_FIFA_World_Cup
2017-09-14,2,2,0.0,0.0,2022_FIFA_World_Cup
2017-09-15,1,1,1.0,1.0,2022_FIFA_World_Cup
2017-09-17,1,1,-3.0,-3.0,2022_FIFA_World_Cup
2017-09-19,1,1,327.0,327.0,2022_FIFA_World_Cup
2017-09-21,2,2,-172.5,-345.0,2022_FIFA_World_Cup
2017-09-26,1,1,90.0,90.0,2022_FIFA_World_Cup
2017-10-03,3,2,-29.666666666666668,-89.0,2022_FIFA_World_Cup
2017-10-06,2,2,-172.5,-345.0,2022_FIFA_World_Cup
2017-10-08,1,1,-5.0,-5.0,2022_FIFA_World_Cup
2017-10-09,2,1,-33.5,-67.0,2022_FIFA_World_Cup
2017-10-10,4,3,-165.0,-660.0,2022_FIFA_World_Cup
2017-10-11,1,1,-213.0,-213.0,2022_FIFA_World_Cup
2017-10-13,14,10,7.428571428571429,104.0,2022_FIFA_World_Cup
2017-10-14,4,2,21.75,87.0,2022_FIFA_World_Cup
2017-10-16,2,2,169.5,339.0,2022_FIFA_World_Cup
2017-10-17,2,2,-150.0,-300.0,2022_FIFA_World_Cup
2017-10-18,1,1,203.0,203.0,2022_FIFA_World_Cup
2017-10-20,1,1,-237.0,-237.0,2022_FIFA_World_Cup
2017-10-21,4,3,58.25,233.0,2022_FIFA_World_Cup
2017-10-24,1,1,-278.0,-278.0,2022_FIFA_World_Cup
2017-10-25,1,1,-63.0,-63.0,2022_FIFA_World_Cup
2017-10-28,1,1,-18.0,-18.0,2022_FIFA_World_Cup
2017-10-29,1,1,300.0,300.0,2022_FIFA_World_Cup
2017-10-30,2,1,-32.5,-65.0,2022_FIFA_World_Cup
2017-10-31,5,4,-32.2,-161.0,2022_FIFA_World_Cup
2017-11-01,1,1,-880.0,-880.0,2022_FIFA_World_Cup
2017-11-03,1,1,-33.0,-33.0,2022_FIFA_World_Cup
2017-11-04,2,2,20.5,41.0,2022_FIFA_World_Cup
2017-11-07,1,1,-42.0,-42.0,2022_FIFA_World_Cup
2017-11-09,1,1,0.0,0.0,2022_FIFA_World_Cup
2017-11-10,1,1,0.0,0.0,2022_FIFA_World_Cup
2017-11-11,1,1,-2.0,-2.0,2022_FIFA_World_Cup
2017-11-12,2,2,43.0,86.0,2022_FIFA_World_Cup
2017-11-13,3,2,-9.666666666666666,-29.0,2022_FIFA_World_Cup
2017-11-14,2,2,13.0,26.0,2022_FIFA_World_Cup
2017-11-15,11,3,-6.636363636363637,-73.0,2022_FIFA_World_Cup
2017-11-16,27,5,-14.11111111111111,-381.0,2022_FIFA_World_Cup
2017-11-17,15,5,-157.2,-2358.0,2022_FIFA_World_Cup
2017-11-18,11,9,208.36363636363637,2292.0,2022_FIFA_World_Cup
2017-11-19,4,2,76.25,305.0,2022_FIFA_World_Cup
2017-11-23,2,2,-45.5,-91.0,2022_FIFA_World_Cup
2017-11-26,2,1,28.0,56.0,2022_FIFA_World_Cup
2017-11-28,1,1,2683.0,2683.0,2022_FIFA_World_Cup
2017-11-29,4,1,4.75,19.0,2022_FIFA_World_Cup
2017-12-02,4,3,0.25,1.0,2022_FIFA_World_Cup
2017-12-03,7,1,31.428571428571427,220.0,2022_FIFA_World_Cup
2017-12-04,2,2,-116.0,-232.0,2022_FIFA_World_Cup
2017-12-05,1,1,-16.0,-16.0,2022_FIFA_World_Cup
2017-12-10,34,2,0.35294117647058826,12.0,2022_FIFA_World_Cup
2017-12-12,1,1,8.0,8.0,2022_FIFA_World_Cup
2017-12-16,2,1,-21.0,-42.0,2022_FIFA_World_Cup
2017-12-20,7,3,35.57142857142857,249.0,2022_FIFA_World_Cup
2017-12-31,1,1,-171.0,-171.0,2022_FIFA_World_Cup
2018-01-02,4,1,-75.75,-303.0,2022_FIFA_World_Cup
2018-01-05,2,2,7.0,14.0,2022_FIFA_World_Cup
2018-01-07,3,3,-6.0,-18.0,2022_FIFA_World_Cup
2018-01-08,11,6,-110.18181818181819,-1212.0,2022_FIFA_World_Cup
2018-01-09,1,1,2.0,2.0,2022_FIFA_World_Cup
2018-01-14,2,2,34.5,69.0,2022_FIFA_World_Cup
2018-01-18,2,2,1.0,2.0,2022_FIFA_World_Cup
2018-01-23,2,2,-70.5,-141.0,2022_FIFA_World_Cup
2018-01-25,1,1,-278.0,-278.0,2022_FIFA_World_Cup
2018-01-27,4,3,-1.0,-4.0,2022_FIFA_World_Cup
2018-01-28,2,2,-23.0,-46.0,2022_FIFA_World_Cup
2018-01-30,3,3,33.666666666666664,101.0,2022_FIFA_World_Cup
2018-02-02,3,2,-52.666666666666664,-158.0,2022_FIFA_World_Cup
2018-02-04,3,2,22.666666666666668,68.0,2022_FIFA_World_Cup
2018-02-07,2,2,617.5,1235.0,2022_FIFA_World_Cup
2018-02-23,2,2,-1353.5,-2707.0,2022_FIFA_World_Cup
2018-02-24,7,3,211.14285714285714,1478.0,2022_FIFA_World_Cup
2018-02-25,2,2,7.0,14.0,2022_FIFA_World_Cup
2018-02-26,2,2,-44.5,-89.0,2022_FIFA_World_Cup
2018-03-03,2,2,36.0,72.0,2022_FIFA_World_Cup
2018-03-05,3,2,2.6666666666666665,8.0,2022_FIFA_World_Cup
2018-03-09,2,2,21.0,42.0,2022_FIFA_World_Cup
2018-03-10,2,1,15.5,31.0,2022_FIFA_World_Cup
2018-03-12,4,3,-247.0,-988.0,2022_FIFA_World_Cup
2018-03-15,1,1,5173.0,5173.0,2022_FIFA_World_Cup
2018-03-20,2,2,-2584.5,-5169.0,2022_FIFA_World_Cup
2018-03-21,1,1,-3.0,-3.0,2022_FIFA_World_Cup
2018-03-23,1,1,-1.0,-1.0,2022_FIFA_World_Cup
2018-03-27,1,1,-22.0,-22.0,2022_FIFA_World_Cup
2018-03-29,9,4,-16.77777777777778,-151.0,2022_FIFA_World_Cup
2018-04-03,1,1,0.0,0.0,2022_FIFA_World_Cup
2018-04-04,1,1,-1.0,-1.0,2022_FIFA_World_Cup
2018-04-05,3,3,0.0,0.0,2022_FIFA_World_Cup
2018-04-08,1,1,-516.0,-516.0,2022_FIFA_World_Cup
2018-04-13,2,2,3.5,7.0,2022_FIFA_World_Cup
2018-04-14,1,1,-23.0,-23.0,2022_FIFA_World_Cup
2018-04-16,2,2,8.5,17.0,2022_FIFA_World_Cup
2018-04-23,4,3,35.75,143.0,2022_FIFA_World_Cup
2018-04-25,3,3,18.0,54.0,2022_FIFA_World_Cup
2018-04-26,1,1,8.0,8.0,2022_FIFA_World_Cup
2018-04-27,1,1,68.0,68.0,2022_FIFA_World_Cup
2018-04-29,3,2,-29.666666666666668,-89.0,2022_FIFA_World_Cup
2018-05-06,1,1,10.0,10.0,2022_FIFA_World_Cup
2018-05-07,7,3,-1.0,-7.0,2022_FIFA_World_Cup
2018-05-15,4,2,0.0,0.0,2022_FIFA_World_Cup
2018-05-16,4,2,3.75,15.0,2022_FIFA_World_Cup
2018-05-22,3,3,-19.0,-57.0,2022_FIFA_World_Cup
2018-05-24,2,2,-149.0,-298.0,2022_FIFA_World_Cup
2018-05-28,3,2,135.66666666666666,407.0,2022_FIFA_World_Cup
2018-05-30,3,3,-19.333333333333332,-58.0,2022_FIFA_World_Cup
2018-06-01,5,5,3.6,18.0,2022_FIFA_World_Cup
2018-06-03,1,1,107.0,107.0,2022_FIFA_World_Cup
2018-06-05,2,2,-69.5,-139.0,2022_FIFA_World_Cup
2018-06-09,1,1,171.0,171.0,2022_FIFA_World_Cup
2018-06-10,1,1,8.0,8.0,2022_FIFA_World_Cup
2018-06-11,2,2,-4.0,-8.0,2022_FIFA_World_Cup
2018-06-12,3,2,8.333333333333334,25.0,2022_FIFA_World_Cup
2018-06-13,18,10,-2.7777777777777777,-50.0,2022_FIFA_World_Cup
2018-06-14,13,12,37.69230769230769,490.0,2022_FIFA_World_Cup
2018-06-15,16,10,-49.25,-788.0,2022_FIFA_World_Cup
2018-06-16,5,5,32.2,161.0,2022_FIFA_World_Cup
2018-06-17,5,5,-1.8,-9.0,2022_FIFA_World_Cup
2018-06-18,23,14,-3.9565217391304346,-91.0,2022_FIFA_World_Cup
2018-06-19,10,7,4.2,42.0,2022_FIFA_World_Cup
2018-06-20,4,4,50.75,203.0,2022_FIFA_World_Cup
2018-06-21,8,7,-11.875,-95.0,2022_FIFA_World_Cup
2018-06-22,18,10,0.05555555555555555,1.0,2022_FIFA_World_Cup
2018-06-23,8,5,-11.5,-92.0,2022_FIFA_World_Cup
2018-06-24,34,11,-30.029411764705884,-1021.0,2022_FIFA_World_Cup
2018-06-25,8,5,74.125,593.0,2022_FIFA_World_Cup
2018-06-26,6,5,57.666666666666664,346.0,2022_FIFA_World_Cup
2018-06-27,6,5,2.5,15.0,2022_FIFA_World_Cup
2018-06-28,10,7,0.7,7.0,2022_FIFA_World_Cup
2018-06-29,6,5,-176.5,-1059.0,2022_FIFA_World_Cup
2018-06-30,4,4,-1.25,-5.0,2022_FIFA_World_Cup
2018-07-01,6,6,-16.166666666666668,-97.0,2022_FIFA_World_Cup
2018-07-02,9,8,-26.77777777777778,-241.0,2022_FIFA_World_Cup
2018-07-03,11,7,-97.27272727272727,-1070.0,2022_FIFA_World_Cup
2018-07-06,5,3,-0.6,-3.0,2022_FIFA_World_Cup
2018-07-07,11,11,-9.727272727272727,-107.0,2022_FIFA_World_Cup
2018-07-08,3,3,-10.0,-30.0,2022_FIFA_World_Cup
2018-07-09,5,4,-99.2,-496.0,2022_FIFA_World_Cup
2018-07-10,10,5,-11.2,-112.0,2022_FIFA_World_Cup
2018-07-11,25,8,3.96,99.0,2022_FIFA_World_Cup
2018-07-12,20,10,45.25,905.0,2022_FIFA_World_Cup
2018-07-13,9,6,-98.22222222222223,-884.0,2022_FIFA_World_Cup
2018-07-14,6,4,-3.1666666666666665,-19.0,2022_FIFA_World_Cup
2018-07-15,31,24,-125.41935483870968,-3888.0,2022_FIFA_World_Cup
2018-07-16,4,2,77.75,311.0,2022_FIFA_World_Cup
2018-07-17,3,3,6.333333333333333,19.0,2022_FIFA_World_Cup
2018-07-18,1,1,-28.0,-28.0,2022_FIFA_World_Cup
2018-07-20,2,2,0.0,0.0,2022_FIFA_World_Cup
2018-07-21,2,2,26.5,53.0,2022_FIFA_World_Cup
2018-07-22,7,5,-0.14285714285714285,-1.0,2022_FIFA_World_Cup
2018-07-24,6,5,-14.666666666666666,-88.0,2022_FIFA_World_Cup
2018-07-25,3,2,-87.33333333333333,-262.0,2022_FIFA_World_Cup
2018-07-26,2,2,178.5,357.0,2022_FIFA_World_Cup
2018-07-27,5,3,-0.8,-4.0,2022_FIFA_World_Cup
2018-07-28,1,1,215.0,215.0,2022_FIFA_World_Cup
2018-07-29,2,2,-107.5,-215.0,2022_FIFA_World_Cup
2018-07-31,4,4,-12.5,-50.0,2022_FIFA_World_Cup
2018-08-02,2,2,20.0,40.0,2022_FIFA_World_Cup
2018-08-05,2,2,25.5,51.0,2022_FIFA_World_Cup
2018-08-06,6,5,-32.5,-195.0,2022_FIFA_World_Cup
2018-08-07,7,4,-93.28571428571429,-653.0,2022_FIFA_World_Cup
2018-08-08,10,5,10.0,100.0,2022_FIFA_World_Cup
2018-08-09,1,1,-13.0,-13.0,2022_FIFA_World_Cup
2018-08-10,2,2,5.5,11.0,2022_FIFA_World_Cup
2018-08-11,3,2,-223.66666666666666,-671.0,2022_FIFA_World_Cup
2018-08-14,2,2,336.5,673.0,2022_FIFA_World_Cup
2018-08-15,3,3,104.33333333333333,313.0,2022_FIFA_World_Cup
2018-08-16,3,2,1388.3333333333333,4165.0,2022_FIFA_World_Cup
2018-08-17,2,2,-2032.5,-4065.0,2022_FIFA_World_Cup
2018-08-22,6,5,-159.0,-954.0,2022_FIFA_World_Cup
2018-08-24,4,4,17.5,70.0,2022_FIFA_World_Cup
2018-08-25,7,5,-24.571428571428573,-172.0,2022_FIFA_World_Cup
2018-08-27,1,1,-74.0,-74.0,2022_FIFA_World_Cup
2018-08-28,3,1,-13.333333333333334,-40.0,2022_FIFA_World_Cup
2018-08-29,2,2,29.5,59.0,2022_FIFA_World_Cup
2018-08-31,3,2,1.0,3.0,2022_FIFA_World_Cup
2018-09-02,1,1,7.0,7.0,2022_FIFA_World_Cup
2018-09-03,2,1,-30.5,-61.0,2022_FIFA_World_Cup
2018-09-04,2,2,5.5,11.0,2022_FIFA_World_Cup
2018-09-05,2,2,-837.5,-1675.0,2022_FIFA_World_Cup
2018-09-07,4,4,226.75,907.0,2022_FIFA_World_Cup
2018-09-08,2,2,-449.0,-898.0,2022_FIFA_World_Cup
2018-09-10,10,4,158.5,1585.0,2022_FIFA_World_Cup
2018-09-11,5,3,-519.8,-2599.0,2022_FIFA_World_Cup
2018-09-13,3,2,759.0,2277.0,2022_FIFA_World_Cup
2018-09-15,7,4,-344.14285714285717,-2409.0,2022_FIFA_World_Cup
2018-09-18,2,2,0.0,0.0,2022_FIFA_World_Cup
2018-09-20,3,2,41.333333333333336,124.0,2022_FIFA_World_Cup
2018-09-22,3,2,-130.33333333333334,-391.0,2022_FIFA_World_Cup
2018-09-24,1,1,-28.0,-28.0,2022_FIFA_World_Cup
2018-09-30,7,5,3.857142857142857,27.0,2022_FIFA_World_Cup
2018-10-01,1,1,-99.0,-99.0,2022_FIFA_World_Cup
2018-10-03,2,2,28.5,57.0,2022_FIFA_World_Cup
2018-10-04,1,1,-42.0,-42.0,2022_FIFA_World_Cup
2018-10-06,2,2,326.5,653.0,2022_FIFA_World_Cup
2018-10-09,4,3,-163.25,-653.0,2022_FIFA_World_Cup
2018-10-11,3,2,5.0,15.0,2022_FIFA_World_Cup
2018-10-12,5,3,4.4,22.0,2022_FIFA_World_Cup
2018-10-13,5,3,-114.2,-571.0,2022_FIFA_World_Cup
2018-10-16,2,2,280.0,560.0,2022_FIFA_World_Cup
2018-10-20,5,3,-38.6,-193.0,2022_FIFA_World_Cup
2018-10-24,6,3,31.166666666666668,187.0,2022_FIFA_World_Cup
2018-10-29,3,2,-20.666666666666668,-62.0,2022_FIFA_World_Cup
2018-10-30,4,3,8.25,33.0,2022_FIFA_World_Cup
2018-11-04,3,3,-2.3333333333333335,-7.0,2022_FIFA_World_Cup
2018-11-11,5,2,11.2,56.0,2022_FIFA_World_Cup
2018-11-13,3,3,-0.3333333333333333,-1.0,2022_FIFA_World_Cup
2018-11-14,2,2,0.5,1.0,2022_FIFA_World_Cup
2018-11-18,1,1,6.0,6.0,2022_FIFA_World_Cup
2018-11-20,3,2,-6.333333333333333,-19.0,2022_FIFA_World_Cup
2018-11-25,2,2,-190.0,-380.0,2022_FIFA_World_Cup
2018-11-26,3,3,-96.0,-288.0,2022_FIFA_World_Cup
2018-11-28,3,2,93.66666666666667,281.0,2022_FIFA_World_Cup
2018-12-03,2,2,8.5,17.0,2022_FIFA_World_Cup
2018-12-04,1,1,21.0,21.0,2022_FIFA_World_Cup
2018-12-06,4,4,-79.0,-316.0,2022_FIFA_World_Cup
2018-12-07,2,2,241.0,482.0,2022_FIFA_World_Cup
2018-12-08,2,2,-421.0,-842.0,2022_FIFA_World_Cup
2018-12-09,2,2,209.5,419.0,2022_FIFA_World_Cup
2018-12-10,1,1,-29.0,-29.0,2022_FIFA_World_Cup
2018-12-13,3,2,9.666666666666666,29.0,2022_FIFA_World_Cup
2018-12-14,2,2,-51.5,-103.0,2022_FIFA_World_Cup
2018-12-17,2,2,20.5,41.0,2022_FIFA_World_Cup
2018-12-23,9,5,1.7777777777777777,16.0,2022_FIFA_World_Cup
2018-12-24,7,6,-0.8571428571428571,-6.0,2022_FIFA_World_Cup
2018-12-25,5,4,-37.0,-185.0,2022_FIFA_World_Cup
2018-12-27,1,1,-10.0,-10.0,2022_FIFA_World_Cup
2018-12-30,7,5,45.0,315.0,2022_FIFA_World_Cup
2019-01-01,8,4,-103.125,-825.0,2022_FIFA_World_Cup
2019-01-02,2,2,-11.5,-23.0,2022_FIFA_World_Cup
2019-01-03,4,2,-29.75,-119.0,2022_FIFA_World_Cup
2019-01-10,1,1,4.0,4.0,2022_FIFA_World_Cup
2019-01-11,1,1,8.0,8.0,2022_FIFA_World_Cup
2019-01-19,1,1,-1.0,-1.0,2022_FIFA_World_Cup
2019-01-27,3,3,-160.33333333333334,-481.0,2022_FIFA_World_Cup
2019-02-06,4,2,-142.0,-568.0,2022_FIFA_World_Cup
2019-02-10,1,1,-44.0,-44.0,2022_FIFA_World_Cup
2019-02-17,1,1,43.0,43.0,2022_FIFA_World_Cup
2019-02-21,1,1,-3.0,-3.0,2022_FIFA_World_Cup
2019-02-26,2,2,-0.5,-1.0,2022_FIFA_World_Cup
2019-02-28,2,2,-1.0,-2.0,2022_FIFA_World_Cup
2019-03-05,2,2,-12.0,-24.0,2022_FIFA_World_Cup
2019-03-06,2,1,12.0,24.0,2022_FIFA_World_Cup
2019-03-07,5,3,-12.0,-60.0,2022_FIFA_World_Cup
2019-03-08,1,1,-716.0,-716.0,2022_FIFA_World_Cup
2019-03-12,2,2,-246.5,-493.0,2022_FIFA_World_Cup
2019-03-15,1,1,15.0,15.0,2022_FIFA_World_Cup
2019-03-17,1,1,-336.0,-336.0,2022_FIFA_World_Cup
2019-03-27,1,1,-64.0,-64.0,2022_FIFA_World_Cup
2019-04-04,1,1,-25.0,-25.0,2022_FIFA_World_Cup
2019-04-14,1,1,2.0,2.0,2022_FIFA_World_Cup
2019-04-15,1,1,28.0,28.0,2022_FIFA_World_Cup
2019-04-20,2,2,-9.0,-18.0,2022_FIFA_World_Cup
2019-04-29,1,1,-299.0,-299.0,2022_FIFA_World_Cup
2019-05-22,4,3,-58.5,-234.0,2022_FIFA_World_Cup
2019-05-23,5,3,-113.0,-565.0,2022_FIFA_World_Cup
2019-05-24,2,1,-240.0,-480.0,2022_FIFA_World_Cup
2019-05-30,2,1,-13.5,-27.0,2022_FIFA_World_Cup
2019-06-02,1,1,807.0,807.0,2022_FIFA_World_Cup
2019-06-09,1,1,-1.0,-1.0,2022_FIFA_World_Cup
2019-06-10,1,1,-137.0,-137.0,2022_FIFA_World_Cup
2019-06-11,3,1,-51.0,-153.0,2022_FIFA_World_Cup
2019-06-12,1,1,-6.0,-6.0,2022_FIFA_World_Cup
2019-06-14,1,1,-4.0,-4.0,2022_FIFA_World_Cup
2019-06-17,2,2,0.0,0.0,2022_FIFA_World_Cup
2019-06-18,4,4,-30.25,-121.0,2022_FIFA_World_Cup
2019-06-22,1,1,-1.0,-1.0,2022_FIFA_World_Cup
2019-06-28,2,2,-40.0,-80.0,2022_FIFA_World_Cup
2019-06-29,1,1,9.0,9.0,2022_FIFA_World_Cup
2019-07-04,2,1,-93.5,-187.0,2022_FIFA_World_Cup
2019-07-05,1,1,4.0,4.0,2022_FIFA_World_Cup
2019-07-06,1,1,4.0,4.0,2022_FIFA_World_Cup
2019-07-08,1,1,15.0,15.0,2022_FIFA_World_Cup
2019-07-15,1,1,-289.0,-289.0,2022_FIFA_World_Cup
2019-07-18,1,1,-109.0,-109.0,2022_FIFA_World_Cup
2019-07-21,1,1,76.0,76.0,2022_FIFA_World_Cup
2019-07-25,2,2,9.0,18.0,2022_FIFA_World_Cup
2019-07-26,4,1,-13.0,-52.0,2022_FIFA_World_Cup
2019-08-14,1,1,-14.0,-14.0,2022_FIFA_World_Cup
2019-08-19,1,1,-321.0,-321.0,2022_FIFA_World_Cup
2019-08-20,1,1,321.0,321.0,2022_FIFA_World_Cup
2019-08-21,1,1,1.0,1.0,2022_FIFA_World_Cup
2019-08-30,1,1,1.0,1.0,2022_FIFA_World_Cup
2019-09-03,3,2,-445.3333333333333,-1336.0,2022_FIFA_World_Cup
2019-09-04,12,7,-22.0,-264.0,2022_FIFA_World_Cup
2019-09-07,1,1,16.0,16.0,2022_FIFA_World_Cup
2019-09-09,2,2,-39.5,-79.0,2022_FIFA_World_Cup
2019-09-10,1,1,0.0,0.0,2022_FIFA_World_Cup
2019-09-15,1,1,17.0,17.0,2022_FIFA_World_Cup
2019-09-27,2,1,2.5,5.0,2022_FIFA_World_Cup
2019-10-07,1,1,-4.0,-4.0,2022_FIFA_World_Cup
2019-10-08,1,1,-150.0,-150.0,2022_FIFA_World_Cup
2019-10-09,2,1,-16.5,-33.0,2022_FIFA_World_Cup
2019-10-11,1,1,16.0,16.0,2022_FIFA_World_Cup
2019-10-12,1,1,-82.0,-82.0,2022_FIFA_World_Cup
2019-10-16,6,2,-56.5,-339.0,2022_FIFA_World_Cup
2019-10-19,1,1,-53.0,-53.0,2022_FIFA_World_Cup
2019-10-21,3,3,-143.0,-429.0,2022_FIFA_World_Cup
2019-10-23,2,2,177.5,355.0,2022_FIFA_World_Cup
2019-10-25,5,3,-0.8,-4.0,2022_FIFA_World_Cup
2019-10-28,1,1,-166.0,-166.0,2022_FIFA_World_Cup
2019-11-03,2,2,-22.5,-45.0,2022_FIFA_World_Cup
2019-11-15,1,1,18.0,18.0,2022_FIFA_World_Cup
2019-11-25,1,1,45.0,45.0,2022_FIFA_World_Cup
2019-11-27,1,1,-21.0,-21.0,2022_FIFA_World_Cup
2019-11-28,2,2,31.5,63.0,2022_FIFA_World_Cup
2019-12-02,1,1,-508.0,-508.0,2022_FIFA_World_Cup
2019-12-09,2,2,-298.5,-597.0,2022_FIFA_World_Cup
2019-12-10,2,1,98.0,196.0,2022_FIFA_World_Cup
2019-12-11,3,3,-16.666666666666668,-50.0,2022_FIFA_World_Cup
2019-12-20,1,1,-7.0,-7.0,2022_FIFA_World_Cup
2019-12-28,1,1,-4.0,-4.0,2022_FIFA_World_Cup
2020-01-03,1,1,7.0,7.0,2022_FIFA_World_Cup
2020-01-09,1,1,-4.0,-4.0,2022_FIFA_World_Cup
2020-01-17,5,2,-4.6,-23.0,2022_FIFA_World_Cup
2020-02-05,3,3,-63.333333333333336,-190.0,2022_FIFA_World_Cup
2020-02-06,1,1,-415.0,-415.0,2022_FIFA_World_Cup
2020-02-14,1,1,60.0,60.0,2022_FIFA_World_Cup
2020-02-15,1,1,-5.0,-5.0,2022_FIFA_World_Cup
2020-02-19,1,1,0.0,0.0,2022_FIFA_World_Cup
2020-02-23,1,1,57.0,57.0,2022_FIFA_World_Cup
2020-02-24,3,3,107.0,321.0,2022_FIFA_World_Cup
2020-03-10,4,3,97.5,390.0,2022_FIFA_World_Cup
2020-03-12,3,2,-237.0,-711.0,2022_FIFA_World_Cup
2020-03-13,2,2,-91.0,-182.0,2022_FIFA_World_Cup
2020-03-15,2,1,5.0,10.0,2022_FIFA_World_Cup
2020-03-18,1,1,-15.0,-15.0,2022_FIFA_World_Cup
2020-03-21,1,1,-123.0,-123.0,2022_FIFA_World_Cup
2020-03-31,2,2,-8.0,-16.0,2022_FIFA_World_Cup
2020-04-03,9,2,1.7777777777777777,16.0,2022_FIFA_World_Cup
2020-04-05,2,2,3.0,6.0,2022_FIFA_World_Cup
2020-04-06,1,1,-1.0,-1.0,2022_FIFA_World_Cup
2020-04-08,1,1,-91.0,-91.0,2022_FIFA_World_Cup
2020-04-13,3,2,29.0,87.0,2022_FIFA_World_Cup
2020-05-13,1,1,-4.0,-4.0,2022_FIFA_World_Cup
2020-05-14,3,3,0.0,0.0,2022_FIFA_World_Cup
2020-05-18,1,1,1.0,1.0,2022_FIFA_World_Cup
2020-05-21,1,1,-548.0,-548.0,2022_FIFA_World_Cup
2020-05-25,2,2,-4.5,-9.0,2022_FIFA_World_Cup
2020-05-28,2,2,202.5,405.0,2022_FIFA_World_Cup
2020-06-13,2,1,22.0,44.0,2022_FIFA_World_Cup
2020-06-14,1,1,-1.0,-1.0,2022_FIFA_World_Cup
2020-06-27,2,2,-58.0,-116.0,2022_FIFA_World_Cup
2020-06-28,2,2,58.0,116.0,2022_FIFA_World_Cup
2020-06-29,1,1,0.0,0.0,2022_FIFA_World_Cup
2020-06-30,2,2,-12.5,-25.0,2022_FIFA_World_Cup
2020-07-03,1,1,18.0,18.0,2022_FIFA_World_Cup
2020-07-07,1,1,-164.0,-164.0,2022_FIFA_World_Cup
2020-07-08,1,1,-1794.0,-1794.0,2022_FIFA_World_Cup
2020-07-15,8,2,-4141.0,-33128.0,2022_FIFA_World_Cup
2020-07-16,4,2,7.5,30.0,2022_FIFA_World_Cup
2020-07-17,6,4,-10.666666666666666,-64.0,2022_FIFA_World_Cup
2020-07-18,5,1,-58.4,-292.0,2022_FIFA_World_Cup
2020-07-23,1,1,91.0,91.0,2022_FIFA_World_Cup
2020-08-06,2,2,-6.5,-13.0,2022_FIFA_World_Cup
2020-08-15,2,2,-18.5,-37.0,2022_FIFA_World_Cup
2020-08-27,1,1,41.0,41.0,2022_FIFA_World_Cup
2020-08-30,1,1,24.0,24.0,2022_FIFA_World_Cup
2020-09-02,4,2,63.0,252.0,2022_FIFA_World_Cup
2020-09-04,2,2,-142.0,-284.0,2022_FIFA_World_Cup
2020-09-22,2,2,23.0,46.0,2022_FIFA_World_Cup
2020-09-26,1,1,-38.0,-38.0,2022_FIFA_World_Cup
2020-09-27,1,1,38.0,38.0,2022_FIFA_World_Cup
2020-10-04,2,2,-21.0,-42.0,2022_FIFA_World_Cup
2020-10-05,2,2,2.0,4.0,2022_FIFA_World_Cup
2020-10-18,1,1,-1.0,-1.0,2022_FIFA_World_Cup
2020-10-26,3,2,0.0,0.0,2022_FIFA_World_Cup
2020-10-27,1,1,-4.0,-4.0,2022_FIFA_World_Cup
2020-10-28,2,2,1.5,3.0,2022_FIFA_World_Cup
2020-10-29,1,1,-8.0,-8.0,2022_FIFA_World_Cup
2020-11-02,4,3,157.25,629.0,2022_FIFA_World_Cup
2020-11-16,3,2,-224.66666666666666,-674.0,2022_FIFA_World_Cup
2020-11-17,1,1,3.0,3.0,2022_FIFA_World_Cup
2020-11-18,2,2,458.0,916.0,2022_FIFA_World_Cup
2020-11-21,2,2,-1.5,-3.0,2022_FIFA_World_Cup
2020-12-04,2,2,20.0,40.0,2022_FIFA_World_Cup
2020-12-05,2,2,-49.0,-98.0,2022_FIFA_World_Cup
2020-12-06,1,1,50.0,50.0,2022_FIFA_World_Cup
2020-12-07,2,2,-543.0,-1086.0,2022_FIFA_World_Cup
2020-12-08,1,1,4.0,4.0,2022_FIFA_World_Cup
2020-12-09,1,1,-321.0,-321.0,2022_FIFA_World_Cup
2020-12-10,1,1,-53.0,-53.0,2022_FIFA_World_Cup
2020-12-11,2,2,32.0,64.0,2022_FIFA_World_Cup
2020-12-15,2,2,-696.5,-1393.0,2022_FIFA_World_Cup
2020-12-17,3,3,-8.333333333333334,-25.0,2022_FIFA_World_Cup
2020-12-18,1,1,47530.0,47530.0,2022_FIFA_World_Cup
2020-12-21,2,2,-23770.5,-47541.0,2022_FIFA_World_Cup
2020-12-23,2,1,-19.0,-38.0,2022_FIFA_World_Cup
2020-12-24,2,2,-17.0,-34.0,2022_FIFA_World_Cup
2020-12-31,1,1,61.0,61.0,2022_FIFA_World_Cup
2021-01-01,2,2,0.0,0.0,2022_FIFA_World_Cup
2021-01-02,1,1,47.0,47.0,2022_FIFA_World_Cup
2021-01-05,2,1,-32.5,-65.0,2022_FIFA_World_Cup
2021-01-08,1,1,-67.0,-67.0,2022_FIFA_World_Cup
2021-01-09,2,2,-33.0,-66.0,2022_FIFA_World_Cup
2021-01-10,2,1,-1.5,-3.0,2022_FIFA_World_Cup
2021-01-23,2,2,-185.0,-370.0,2022_FIFA_World_Cup
2021-01-25,1,1,26.0,26.0,2022_FIFA_World_Cup
2021-02-01,6,3,-1.3333333333333333,-8.0,2022_FIFA_World_Cup
2021-02-04,2,2,-35.5,-71.0,2022_FIFA_World_Cup
2021-02-06,1,1,-304.0,-304.0,2022_FIFA_World_Cup
2021-02-07,2,2,167.5,335.0,2022_FIFA_World_Cup
2021-02-08,1,1,-23.0,-23.0,2022_FIFA_World_Cup
2021-02-12,1,1,-26.0,-26.0,2022_FIFA_World_Cup
2021-02-17,4,2,8.75,35.0,2022_FIFA_World_Cup
2021-02-23,1,1,-702.0,-702.0,2022_FIFA_World_Cup
2021-03-12,2,2,9.0,18.0,2022_FIFA_World_Cup
2021-03-14,1,1,20.0,20.0,2022_FIFA_World_Cup
2021-03-28,1,1,290.0,290.0,2022_FIFA_World_Cup
2021-03-29,2,2,-147.0,-294.0,2022_FIFA_World_Cup
2021-03-30,1,1,-23.0,-23.0,2022_FIFA_World_Cup
2021-04-01,1,1,18.0,18.0,2022_FIFA_World_Cup
2021-04-02,5,2,18.6,93.0,2022_FIFA_World_Cup
2021-04-03,3,3,-1.6666666666666667,-5.0,2022_FIFA_World_Cup
2021-04-04,2,1,-59.0,-118.0,2022_FIFA_World_Cup
2021-04-06,2,2,-30.5,-61.0,2022_FIFA_World_Cup
2021-04-07,4,1,-5.0,-20.0,2022_FIFA_World_Cup
2021-04-15,1,1,43.0,43.0,2022_FIFA_World_Cup
2021-04-17,1,1,178.0,178.0,2022_FIFA_World_Cup
2021-04-19,2,1,-125.0,-250.0,2022_FIFA_World_Cup
2021-04-29,2,2,-282.0,-564.0,2022_FIFA_World_Cup
2021-04-30,2,2,-590.0,-1180.0,2022_FIFA_World_Cup
2021-05-07,1,1,-283.0,-283.0,2022_FIFA_World_Cup
2021-05-08,3,1,3189.0,9567.0,2022_FIFA_World_Cup
2021-05-11,7,3,-58.714285714285715,-411.0,2022_FIFA_World_Cup
2021-05-20,1,1,2.0,2.0,2022_FIFA_World_Cup
2021-05-21,1,1,-137.0,-137.0,2022_FIFA_World_Cup
2021-05-26,1,1,-9.0,-9.0,2022_FIFA_World_Cup
2021-05-27,3,2,-17.666666666666668,-53.0,2022_FIFA_World_Cup
2021-06-04,1,1,-134.0,-134.0,2022_FIFA_World_Cup
2021-06-07,3,2,35.666666666666664,107.0,2022_FIFA_World_Cup
2021-06-16,4,3,-150.5,-602.0,2022_FIFA_World_Cup
2021-06-18,1,1,145.0,145.0,2022_FIFA_World_Cup
2021-06-19,2,2,-181.5,-363.0,2022_FIFA_World_Cup
2021-06-21,1,1,-12.0,-12.0,2022_FIFA_World_Cup
2021-06-22,1,1,145.0,145.0,2022_FIFA_World_Cup
2021-06-27,4,3,-41.75,-167.0,2022_FIFA_World_Cup
2021-06-28,3,2,-33.333333333333336,-100.0,2022_FIFA_World_Cup
2021-06-29,4,1,-6.0,-24.0,2022_FIFA_World_Cup
2021-06-30,6,4,-10.166666666666666,-61.0,2022_FIFA_World_Cup
2021-07-01,4,1,-7.75,-31.0,2022_FIFA_World_Cup
2021-07-02,4,4,-11.0,-44.0,2022_FIFA_World_Cup
2021-07-05,1,1,-12.0,-12.0,2022_FIFA_World_Cup
2021-07-12,1,1,672.0,672.0,2022_FIFA_World_Cup
2021-07-14,9,4,-74.66666666666667,-672.0,2022_FIFA_World_Cup
2021-07-15,8,6,-95.5,-764.0,2022_FIFA_World_Cup
2021-07-25,2,2,-147.0,-294.0,2022_FIFA_World_Cup
2021-07-27,1,1,-651.0,-651.0,2022_FIFA_World_Cup
2021-07-28,1,1,5.0,5.0,2022_FIFA_World_Cup
2021-08-03,1,1,-202.0,-202.0,2022_FIFA_World_Cup
2021-08-04,2,2,-7.5,-15.0,2022_FIFA_World_Cup
2021-08-05,1,1,-301.0,-301.0,2022_FIFA_World_Cup
2021-08-10,3,2,286.3333333333333,859.0,2022_FIFA_World_Cup
2021-08-11,1,1,-26.0,-26.0,2022_FIFA_World_Cup
2021-08-12,3,3,21.0,63.0,2022_FIFA_World_Cup
2021-08-14,1,1,-167.0,-167.0,2022_FIFA_World_Cup
2021-08-16,1,1,-13.0,-13.0,2022_FIFA_World_Cup
2021-08-21,2,2,-506.0,-1012.0,2022_FIFA_World_Cup
2021-09-04,1,1,2.0,2.0,2022_FIFA_World_Cup
2021-09-05,2,2,-1.5,-3.0,2022_FIFA_World_Cup
2021-09-11,2,1,-129.5,-259.0,2022_FIFA_World_Cup
2021-09-12,3,2,420.6666666666667,1262.0,2022_FIFA_World_Cup
2021-09-15,1,1,-1002.0,-1002.0,2022_FIFA_World_Cup
2021-09-16,1,1,-3.0,-3.0,2022_FIFA_World_Cup
2021-09-21,8,1,-2894.625,-23157.0,2022_FIFA_World_Cup
2021-09-23,1,1,38.0,38.0,2022_FIFA_World_Cup
2021-10-11,7,4,-199.85714285714286,-1399.0,2022_FIFA_World_Cup
2021-10-12,5,4,-68.4,-342.0,2022_FIFA_World_Cup
2021-10-13,1,1,-565.0,-565.0,2022_FIFA_World_Cup
2021-10-14,1,1,-961.0,-961.0,2022_FIFA_World_Cup
2021-10-15,2,2,489.0,978.0,2022_FIFA_World_Cup
2021-10-17,1,1,35.0,35.0,2022_FIFA_World_Cup
2021-10-21,3,2,-123.66666666666667,-371.0,2022_FIFA_World_Cup
2021-10-25,19,4,1.1578947368421053,22.0,2022_FIFA_World_Cup
2021-11-03,1,1,-984.0,-984.0,2022_FIFA_World_Cup
2021-11-12,4,4,-311.25,-1245.0,2022_FIFA_World_Cup
2021-11-13,8,5,-11.75,-94.0,2022_FIFA_World_Cup
2021-11-14,16,10,-142.875,-2286.0,2022_FIFA_World_Cup
2021-11-15,17,8,-86.88235294117646,-1477.0,2022_FIFA_World_Cup
2021-11-16,4,3,-329.0,-1316.0,2022_FIFA_World_Cup
2021-11-17,3,3,-135.33333333333334,-406.0,2022_FIFA_World_Cup
2021-11-18,2,1,190.5,381.0,2022_FIFA_World_Cup
2021-11-19,3,2,18.333333333333332,55.0,2022_FIFA_World_Cup
2021-11-20,2,2,135.0,270.0,2022_FIFA_World_Cup
2021-11-21,5,3,2.4,12.0,2022_FIFA_World_Cup
2021-11-22,3,1,-152.0,-456.0,2022_FIFA_World_Cup
2021-11-24,3,2,8.666666666666666,26.0,2022_FIFA_World_Cup
2021-11-26,2,2,72.5,145.0,2022_FIFA_World_Cup
2021-11-28,1,1,-145.0,-145.0,2022_FIFA_World_Cup
2021-11-29,3,2,-28.0,-84.0,2022_FIFA_World_Cup
2021-11-30,2,1,-628.5,-1257.0,2022_FIFA_World_Cup
2021-12-02,2,2,-26.5,-53.0,2022_FIFA_World_Cup
2021-12-04,1,1,24.0,24.0,2022_FIFA_World_Cup
2021-12-05,17,2,-8.941176470588236,-152.0,2022_FIFA_World_Cup
2021-12-06,2,1,-17.5,-35.0,2022_FIFA_World_Cup
2021-12-07,2,2,91.0,182.0,2022_FIFA_World_Cup
2021-12-08,1,1,-42.0,-42.0,2022_FIFA_World_Cup
2021-12-09,4,4,-30.25,-121.0,2022_FIFA_World_Cup
2021-12-15,2,2,0.0,0.0,2022_FIFA_World_Cup
2021-12-21,1,1,43.0,43.0,2022_FIFA_World_Cup
2021-12-24,1,1,-42.0,-42.0,2022_FIFA_World_Cup
2021-12-25,2,1,-10.5,-21.0,2022_FIFA_World_Cup
2021-12-30,2,2,29.5,59.0,2022_FIFA_World_Cup
2021-12-31,1,1,2.0,2.0,2022_FIFA_World_Cup
2022-01-01,7,6,235.42857142857142,1648.0,2022_FIFA_World_Cup
2022-01-02,1,1,24.0,24.0,2022_FIFA_World_Cup
2022-01-04,1,1,-44.0,-44.0,2022_FIFA_World_Cup
2022-01-05,2,2,36.5,73.0,2022_FIFA_World_Cup
2022-01-06,2,2,37.5,75.0,2022_FIFA_World_Cup
2022-01-07,3,2,-100.0,-300.0,2022_FIFA_World_Cup
2022-01-11,1,1,42.0,42.0,2022_FIFA_World_Cup
2022-01-13,2,2,22.5,45.0,2022_FIFA_World_Cup
2022-01-15,1,1,-64.0,-64.0,2022_FIFA_World_Cup
2022-01-20,1,1,-357.0,-357.0,2022_FIFA_World_Cup
2022-01-25,1,1,-463.0,-463.0,2022_FIFA_World_Cup
2022-01-27,3,3,-30.666666666666668,-92.0,2022_FIFA_World_Cup
2022-01-28,2,2,0.0,0.0,2022_FIFA_World_Cup
2022-01-29,1,1,-540.0,-540.0,2022_FIFA_World_Cup
2022-02-01,2,2,-101.0,-202.0,2022_FIFA_World_Cup
2022-02-02,3,3,67.0,201.0,2022_FIFA_World_Cup
2022-02-03,4,3,-14.0,-56.0,2022_FIFA_World_Cup
2022-02-08,2,2,0.0,0.0,2022_FIFA_World_Cup
2022-02-09,6,5,3.0,18.0,2022_FIFA_World_Cup
2022-02-15,1,1,-16.0,-16.0,2022_FIFA_World_Cup
2022-02-16,1,1,-8.0,-8.0,2022_FIFA_World_Cup
2022-02-18,5,3,1.6,8.0,2022_FIFA_World_Cup
2022-02-19,1,1,-95.0,-95.0,2022_FIFA_World_Cup
2022-02-21,2,2,-1189.0,-2378.0,2022_FIFA_World_Cup
2022-02-27,2,2,-468.5,-937.0,2022_FIFA_World_Cup
2022-02-28,6,4,-61.333333333333336,-368.0,2022_FIFA_World_Cup
2022-03-01,1,1,-1091.0,-1091.0,2022_FIFA_World_Cup
2022-03-08,3,3,364.3333333333333,1093.0,2022_FIFA_World_Cup
2022-03-09,3,2,-491.3333333333333,-1474.0,2022_FIFA_World_Cup
2022-03-13,3,2,417.3333333333333,1252.0,2022_FIFA_World_Cup
2022-03-14,2,2,-680.5,-1361.0,2022_FIFA_World_Cup
2022-03-16,1,1,1360.0,1360.0,2022_FIFA_World_Cup
2022-03-17,1,1,-71.0,-71.0,2022_FIFA_World_Cup
2022-03-19,2,1,35.5,71.0,2022_FIFA_World_Cup
2022-03-20,1,1,216.0,216.0,2022_FIFA_World_Cup
2022-03-21,1,1,-1691.0,-1691.0,2022_FIFA_World_Cup
2022-03-22,2,1,-630.5,-1261.0,2022_FIFA_World_Cup
2022-03-23,2,2,-427.0,-854.0,2022_FIFA_World_Cup
2022-03-24,5,4,-305.4,-1527.0,2022_FIFA_World_Cup
2022-03-25,11,9,-29.727272727272727,-327.0,2022_FIFA_World_Cup
2022-03-27,9,7,-75.44444444444444,-679.0,2022_FIFA_World_Cup
2022-03-28,11,7,-97.9090909090909,-1077.0,2022_FIFA_World_Cup
2022-03-29,39,22,-87.87179487179488,-3427.0,2022_FIFA_World_Cup
2022-03-30,39,22,680.7692307692307,26550.0,2022_FIFA_World_Cup
2022-03-31,45,20,-46.6,-2097.0,2022_FIFA_World_Cup
2022-04-01,31,15,-129.74193548387098,-4022.0,2022_FIFA_World_Cup
2022-04-02,14,11,-361.64285714285717,-5063.0,2022_FIFA_World_Cup
2022-04-03,4,4,-83.5,-334.0,2022_FIFA_World_Cup
2022-04-04,9,5,2.7777777777777777,25.0,2022_FIFA_World_Cup
2022-04-07,3,3,-15.333333333333334,-46.0,2022_FIFA_World_Cup
2022-04-08,2,2,-22.0,-44.0,2022_FIFA_World_Cup
2022-04-09,1,1,4.0,4.0,2022_FIFA_World_Cup
2022-04-10,10,5,2.4,24.0,2022_FIFA_World_Cup
2022-04-11,1,1,13191.0,13191.0,2022_FIFA_World_Cup
2022-04-14,1,1,1.0,1.0,2022_FIFA_World_Cup
2022-04-17,3,3,-767.6666666666666,-2303.0,2022_FIFA_World_Cup
2022-04-18,6,6,-6.666666666666667,-40.0,2022_FIFA_World_Cup
2022-04-19,1,1,0.0,0.0,2022_FIFA_World_Cup
2022-04-21,2,2,85.5,171.0,2022_FIFA_World_Cup
2022-04-24,1,1,709.0,709.0,2022_FIFA_World_Cup
2022-04-25,6,2,-38.833333333333336,-233.0,2022_FIFA_World_Cup
2022-04-26,1,1,3.0,3.0,2022_FIFA_World_Cup
2022-04-27,2,1,-1.5,-3.0,2022_FIFA_World_Cup
2022-04-28,6,3,0.0,0.0,2022_FIFA_World_Cup
2022-04-29,4,3,-159.5,-638.0,2022_FIFA_World_Cup
2022-04-30,2,2,9.0,18.0,2022_FIFA_World_Cup
2022-05-02,2,2,-287.0,-574.0,2022_FIFA_World_Cup
2022-05-05,2,1,-95.5,-191.0,2022_FIFA_World_Cup
2022-05-06,1,1,0.0,0.0,2022_FIFA_World_Cup
2022-05-07,1,1,-2508.0,-2508.0,2022_FIFA_World_Cup
2022-05-08,1,1,-634.0,-634.0,2022_FIFA_World_Cup
2022-05-09,2,2,0.0,0.0,2022_FIFA_World_Cup
2022-05-10,1,1,-329.0,-329.0,2022_FIFA_World_Cup
2022-05-12,4,3,81.25,325.0,2022_FIFA_World_Cup
2022-05-13,1,1,4.0,4.0,2022_FIFA_World_Cup
2022-05-15,1,1,11.0,11.0,2022_FIFA_World_Cup
2022-05-18,8,4,-20.75,-166.0,2022_FIFA_World_Cup
2022-05-19,7,2,-1532.4285714285713,-10727.0,2022_FIFA_World_Cup
2022-05-20,8,4,-49.875,-399.0,2022_FIFA_World_Cup
2022-05-23,13,3,365.53846153846155,4752.0,2022_FIFA_World_Cup
2022-05-24,7,5,-235.57142857142858,-1649.0,2022_FIFA_World_Cup
2022-05-25,4,3,183.75,735.0,2022_FIFA_World_Cup
2022-05-26,3,1,869.3333333333334,2608.0,2022_FIFA_World_Cup
2022-05-27,2,1,-189.0,-378.0,2022_FIFA_World_Cup
2022-05-28,2,2,5.0,10.0,2022_FIFA_World_Cup
2022-05-29,1,1,-2281.0,-2281.0,2022_FIFA_World_Cup
2022-05-31,2,2,1137.5,2275.0,2022_FIFA_World_Cup
2022-06-01,2,2,-83.5,-167.0,2022_FIFA_World_Cup
2022-06-02,4,2,-0.25,-1.0,2022_FIFA_World_Cup
2022-06-03,1,1,-3409.0,-3409.0,2022_FIFA_World_Cup
2022-06-04,4,3,20.5,82.0,2022_FIFA_World_Cup
2022-06-05,31,12,-67.51612903225806,-2093.0,2022_FIFA_World_Cup
2022-06-06,14,8,-4.714285714285714,-66.0,2022_FIFA_World_Cup
2022-06-07,12,8,6.416666666666667,77.0,2022_FIFA_World_Cup
2022-06-09,5,4,62.6,313.0,2022_FIFA_World_Cup
2022-06-10,3,3,-780.6666666666666,-2342.0,2022_FIFA_World_Cup
2022-06-12,1,1,434.0,434.0,2022_FIFA_World_Cup
2022-06-13,7,5,-87.85714285714286,-615.0,2022_FIFA_World_Cup
2022-06-14,23,8,217.69565217391303,5007.0,2022_FIFA_World_Cup
2022-06-15,10,7,261.4,2614.0,2022_FIFA_World_Cup
2022-06-16,1,1,7.0,7.0,2022_FIFA_World_Cup
2022-06-18,2,2,-20.5,-41.0,2022_FIFA_World_Cup
2022-06-19,6,4,-17.833333333333332,-107.0,2022_FIFA_World_Cup
2022-06-23,4,2,58.5,234.0,2022_FIFA_World_Cup
2022-06-24,2,1,-214.5,-429.0,2022_FIFA_World_Cup
2022-06-25,9,3,-91.55555555555556,-824.0,2022_FIFA_World_Cup
2022-06-26,1,1,12.0,12.0,2022_FIFA_World_Cup
2022-06-27,2,2,0.0,0.0,2022_FIFA_World_Cup
2022-06-29,5,3,-73.4,-367.0,2022_FIFA_World_Cup
2022-07-03,2,2,-17.0,-34.0,2022_FIFA_World_Cup
2022-07-04,2,2,-302.5,-605.0,2022_FIFA_World_Cup
2022-07-05,4,4,365.5,1462.0,2022_FIFA_World_Cup
2022-07-06,1,1,-4.0,-4.0,2022_FIFA_World_Cup
2022-07-13,1,1,-18.0,-18.0,2022_FIFA_World_Cup
2022-07-14,5,4,-9.2,-46.0,2022_FIFA_World_Cup
2022-07-15,1,1,-37.0,-37.0,2022_FIFA_World_Cup
2022-07-16,5,2,-156.2,-781.0,2022_FIFA_World_Cup
2022-07-20,2,2,114.0,228.0,2022_FIFA_World_Cup
2022-07-24,1,1,138.0,138.0,2022_FIFA_World_Cup
2022-07-27,2,1,-12.5,-25.0,2022_FIFA_World_Cup
2022-07-30,1,1,-3.0,-3.0,2022_FIFA_World_Cup
2022-07-31,1,1,29.0,29.0,2022_FIFA_World_Cup
2022-08-02,3,2,-279.3333333333333,-838.0,2022_FIFA_World_Cup
2022-08-06,4,2,-1.25,-5.0,2022_FIFA_World_Cup
2022-08-08,1,1,0.0,0.0,2022_FIFA_World_Cup
2022-08-10,12,7,-35.583333333333336,-427.0,2022_FIFA_World_Cup
2022-08-11,5,4,63.0,315.0,2022_FIFA_World_Cup
2022-08-12,12,7,-11.75,-141.0,2022_FIFA_World_Cup
2022-08-13,3,3,-147.66666666666666,-443.0,2022_FIFA_World_Cup
2022-08-14,1,1,182.0,182.0,2022_FIFA_World_Cup
2022-08-17,1,1,-406.0,-406.0,2022_FIFA_World_Cup
2022-08-21,2,1,-348.0,-696.0,2022_FIFA_World_Cup
2022-08-23,2,1,-13.0,-26.0,2022_FIFA_World_Cup
2022-08-24,3,2,-8.666666666666666,-26.0,2022_FIFA_World_Cup
2022-08-25,2,2,170.0,340.0,2022_FIFA_World_Cup
2022-08-29,1,1,0.0,0.0,2022_FIFA_World_Cup
2022-09-04,1,1,1.0,1.0,2022_FIFA_World_Cup
2022-09-05,1,1,-341.0,-341.0,2022_FIFA_World_Cup
2022-09-07,2,2,3.5,7.0,2022_FIFA_World_Cup
2022-09-09,2,2,-21.0,-42.0,2022_FIFA_World_Cup
2022-09-13,3,3,-210.0,-630.0,2022_FIFA_World_Cup
2022-09-14,6,3,51.166666666666664,307.0,2022_FIFA_World_Cup
2022-09-15,2,2,213.0,426.0,2022_FIFA_World_Cup
2022-09-16,2,2,-53.5,-107.0,2022_FIFA_World_Cup
2022-09-18,6,3,-160.5,-963.0,2022_FIFA_World_Cup
2022-09-21,1,1,-985.0,-985.0,2022_FIFA_World_Cup
2022-09-22,3,2,-15.333333333333334,-46.0,2022_FIFA_World_Cup
2022-09-25,2,2,-10.0,-20.0,2022_FIFA_World_Cup
2022-09-26,9,2,-2.3333333333333335,-21.0,2022_FIFA_World_Cup
2022-09-28,1,1,-111.0,-111.0,2022_FIFA_World_Cup
2022-09-30,4,2,0.25,1.0,2022_FIFA_World_Cup
2022-10-02,1,1,0.0,0.0,2022_FIFA_World_Cup
2022-10-04,7,5,38.142857142857146,267.0,2022_FIFA_World_Cup
2022-10-05,2,2,-126.0,-252.0,2022_FIFA_World_Cup
2022-10-07,3,3,-277.3333333333333,-832.0,2022_FIFA_World_Cup
2022-10-08,1,1,-7.0,-7.0,2022_FIFA_World_Cup
2022-10-10,1,1,7.0,7.0,2022_FIFA_World_Cup
2022-10-11,4,3,-202.0,-808.0,2022_FIFA_World_Cup
2022-10-12,2,1,-2.0,-4.0,2022_FIFA_World_Cup
2022-10-13,1,1,-60.0,-60.0,2022_FIFA_World_Cup
2022-10-15,1,1,-3288.0,-3288.0,2022_FIFA_World_Cup
2022-10-16,1,1,-122.0,-122.0,2022_FIFA_World_Cup
2022-10-17,5,2,-2.2,-11.0,2022_FIFA_World_Cup
2022-10-18,1,1,-1.0,-1.0,2022_FIFA_World_Cup
2022-10-19,1,1,-267.0,-267.0,2022_FIFA_World_Cup
2022-10-20,1,1,215.0,215.0,2022_FIFA_World_Cup
2022-10-22,18,5,-273.8888888888889,-4930.0,2022_FIFA_World_Cup
2022-10-23,5,3,0.2,1.0,2022_FIFA_World_Cup
2022-10-24,7,4,-141.28571428571428,-989.0,2022_FIFA_World_Cup
2022-10-25,9,6,171.33333333333334,1542.0,2022_FIFA_World_Cup
2022-10-26,10,5,-182.5,-1825.0,2022_FIFA_World_Cup
2022-10-27,2,2,-136.5,-273.0,2022_FIFA_World_Cup
2022-10-28,9,4,-0.8888888888888888,-8.0,2022_FIFA_World_Cup
2022-10-29,2,2,-191.5,-383.0,2022_FIFA_World_Cup
2022-10-30,10,7,-317.5,-3175.0,2022_FIFA_World_Cup
2022-10-31,1,1,-52.0,-52.0,2022_FIFA_World_Cup
2022-11-01,9,4,3.3333333333333335,30.0,2022_FIFA_World_Cup
2022-11-02,11,7,-61.72727272727273,-679.0,2022_FIFA_World_Cup
2022-11-03,5,5,-23.6,-118.0,2022_FIFA_World_Cup
2022-11-04,4,3,157.0,628.0,2022_FIFA_World_Cup
2022-11-05,5,4,-3.2,-16.0,2022_FIFA_World_Cup
2022-11-06,5,4,31.8,159.0,2022_FIFA_World_Cup
2022-11-07,15,6,-43.733333333333334,-656.0,2022_FIFA_World_Cup
2022-11-08,1,1,-2.0,-2.0,2022_FIFA_World_Cup
2022-11-09,1,1,-4.0,-4.0,2022_FIFA_World_Cup
2022-11-10,10,6,22.9,229.0,2022_FIFA_World_Cup
2022-11-12,5,5,-398.6,-1993.0,2022_FIFA_World_Cup
2022-11-13,12,8,-87.91666666666667,-1055.0,2022_FIFA_World_Cup
2022-11-14,6,5,-30.0,-180.0,2022_FIFA_World_Cup
2022-11-15,2,2,-20.5,-41.0,2022_FIFA_World_Cup
2022-11-16,11,6,-32.36363636363637,-356.0,2022_FIFA_World_Cup
2022-11-17,61,12,-26.262295081967213,-1602.0,2022_FIFA_World_Cup
2022-11-18,45,18,-23.933333333333334,-1077.0,2022_FIFA_World_Cup
2022-11-19,102,19,-72.07843137254902,-7352.0,2022_FIFA_World_Cup
2022-11-20,142,63,-74.91549295774648,-10638.0,2022_FIFA_World_Cup
2022-11-21,79,37,-119.41772151898734,-9434.0,2022_FIFA_World_Cup
2022-11-22,80,37,-117.35,-9388.0,2022_FIFA_World_Cup
2022-11-23,59,27,-68.67796610169492,-4052.0,2022_FIFA_World_Cup
2022-11-24,67,23,-53.07462686567164,-3556.0,2022_FIFA_World_Cup
2022-11-25,63,29,-87.25396825396825,-5497.0,2022_FIFA_World_Cup
2022-11-26,115,29,-79.76521739130435,-9173.0,2022_FIFA_World_Cup
2022-11-27,94,34,-32.5,-3055.0,2022_FIFA_World_Cup
2022-11-28,196,43,-36.285714285714285,-7112.0,2022_FIFA_World_Cup
2022-11-29,92,45,39.04347826086956,3592.0,2022_FIFA_World_Cup
2022-11-30,84,33,53.773809523809526,4517.0,2022_FIFA_World_Cup
2022-12-01,62,35,-126.74193548387096,-7858.0,2022_FIFA_World_Cup
2022-12-02,71,34,-37.11267605633803,-2635.0,2022_FIFA_World_Cup
2022-12-03,65,33,-93.98461538461538,-6109.0,2022_FIFA_World_Cup
2022-12-04,40,22,-62.8,-2512.0,2022_FIFA_World_Cup
2022-12-05,29,17,-98.89655172413794,-2868.0,2022_FIFA_World_Cup
2022-12-06,55,22,-53.69090909090909,-2953.0,2022_FIFA_World_Cup
2022-12-07,23,12,-27.434782608695652,-631.0,2022_FIFA_World_Cup
2022-12-08,14,13,-11.785714285714286,-165.0,2022_FIFA_World_Cup
2022-12-09,28,15,-33.57142857142857,-940.0,2022_FIFA_World_Cup
2022-12-10,45,28,-50.4,-2268.0,2022_FIFA_World_Cup
2022-12-11,22,13,-36.5,-803.0,2022_FIFA_World_Cup
2022-12-12,25,16,346.76,8669.0,2022_FIFA_World_Cup
2022-12-13,34,15,-109.20588235294117,-3713.0,2022_FIFA_World_Cup
2022-12-14,29,22,8.172413793103448,237.0,2022_FIFA_World_Cup
2022-12-15,20,16,-25.75,-515.0,2022_FIFA_World_Cup
2022-12-16,16,10,-98.5625,-1577.0,2022_FIFA_World_Cup
2022-12-17,26,15,-42.07692307692308,-1094.0,2022_FIFA_World_Cup
2022-12-18,141,65,156.87234042553192,22119.0,2022_FIFA_World_Cup
2022-12-19,86,36,-13.674418604651162,-1176.0,2022_FIFA_World_Cup
2022-12-20,39,23,-383.64102564102564,-14962.0,2022_FIFA_World_Cup
2022-12-21,29,20,-40.41379310344828,-1172.0,2022_FIFA_World_Cup
2022-12-22,20,11,276.0,5520.0,2022_FIFA_World_Cup
2022-12-23,4,3,-228.0,-912.0,2022_FIFA_World_Cup
2022-12-24,13,8,-132.69230769230768,-1725.0,2022_FIFA_World_Cup
2022-12-25,5,3,-22.4,-112.0,2022_FIFA_World_Cup
2022-12-26,6,4,166.16666666666666,997.0,2022_FIFA_World_Cup
2022-12-27,3,3,104.33333333333333,313.0,2022_FIFA_World_Cup
2022-12-28,1,1,57.0,57.0,2022_FIFA_World_Cup
2022-12-29,20,6,-11.55,-231.0,2022_FIFA_World_Cup
2022-12-30,5,2,-34.8,-174.0,2022_FIFA_World_Cup
2023-01-02,2,2,-9.5,-19.0,2022_FIFA_World_Cup
2023-01-03,1,1,0.0,0.0,2022_FIFA_World_Cup
2023-01-04,1,1,-7.0,-7.0,2022_FIFA_World_Cup
2023-01-05,1,1,4.0,4.0,2022_FIFA_World_Cup
2023-01-06,2,2,-2.0,-4.0,2022_FIFA_World_Cup
2023-01-07,3,2,0.0,0.0,2022_FIFA_World_Cup
2023-01-08,3,3,-6.333333333333333,-19.0,2022_FIFA_World_Cup
2023-01-09,2,1,8.5,17.0,2022_FIFA_World_Cup
2023-01-10,1,1,10.0,10.0,2022_FIFA_World_Cup
2023-01-11,2,2,352.0,704.0,2022_FIFA_World_Cup
2023-01-12,2,2,15.5,31.0,2022_FIFA_World_Cup
2023-01-13,1,1,5.0,5.0,2022_FIFA_World_Cup
2023-01-15,2,2,-14.5,-29.0,2022_FIFA_World_Cup
2023-01-17,2,2,0.0,0.0,2022_FIFA_World_Cup
2023-01-18,1,1,1.0,1.0,2022_FIFA_World_Cup
2023-01-20,1,1,-4.0,-4.0,2022_FIFA_World_Cup
2023-01-22,1,1,26.0,26.0,2022_FIFA_World_Cup
2023-01-24,2,1,2.5,5.0,2022_FIFA_World_Cup
2023-01-27,1,1,199.0,199.0,2022_FIFA_World_Cup
2023-01-28,1,1,-1.0,-1.0,2022_FIFA_World_Cup
2023-01-31,9,1,-2.2222222222222223,-20.0,2022_FIFA_World_Cup
2023-02-05,1,1,-356.0,-356.0,2022_FIFA_World_Cup
2023-02-06,1,1,0.0,0.0,2022_FIFA_World_Cup
2023-02-09,1,1,-59.0,-59.0,2022_FIFA_World_Cup
2023-02-10,3,1,-55.0,-165.0,2022_FIFA_World_Cup
2023-02-13,3,2,-10.666666666666666,-32.0,2022_FIFA_World_Cup
2023-02-15,1,1,-36.0,-36.0,2022_FIFA_World_Cup
2023-02-16,2,2,18.5,37.0,2022_FIFA_World_Cup
2023-02-17,1,1,5.0,5.0,2022_FIFA_World_Cup
2023-02-19,2,2,-505.5,-1011.0,2022_FIFA_World_Cup
2023-02-23,4,4,-89.5,-358.0,2022_FIFA_World_Cup
2023-03-02,5,3,-17.4,-87.0,2022_FIFA_World_Cup
2023-03-06,4,1,14.25,57.0,2022_FIFA_World_Cup
2023-03-07,6,4,-172.83333333333334,-1037.0,2022_FIFA_World_Cup
2023-03-08,2,2,467.0,934.0,2022_FIFA_World_Cup
2023-03-09,1,1,-34.0,-34.0,2022_FIFA_World_Cup
2023-03-12,1,1,34.0,34.0,2022_FIFA_World_Cup
2023-03-13,1,1,-165.0,-165.0,2022_FIFA_World_Cup
2023-03-15,10,5,2.8,28.0,2022_FIFA_World_Cup
2023-03-17,3,1,1.3333333333333333,4.0,2022_FIFA_World_Cup
2023-03-20,2,2,-125.5,-251.0,2022_FIFA_World_Cup
2023-03-25,1,1,-31.0,-31.0,2022_FIFA_World_Cup
2023-03-26,1,1,5.0,5.0,2022_FIFA_World_Cup
2023-03-27,2,2,-431.5,-863.0,2022_FIFA_World_Cup
2023-03-28,2,2,52.5,105.0,2022_FIFA_World_Cup
2023-03-29,1,1,-1.0,-1.0,2022_FIFA_World_Cup
2023-03-30,1,1,47.0,47.0,2022_FIFA_World_Cup
2023-04-01,2,1,-28.0,-56.0,2022_FIFA_World_Cup
2023-04-06,1,1,-6.0,-6.0,2022_FIFA_World_Cup
2023-04-07,3,2,9787.333333333334,29362.0,2022_FIFA_World_Cup
2023-04-08,1,1,-153.0,-153.0,2022_FIFA_World_Cup
2023-04-09,2,2,-14602.0,-29204.0,2022_FIFA_World_Cup
2023-04-10,1,1,-23.0,-23.0,2022_FIFA_World_Cup
2023-04-12,3,2,-17.0,-51.0,2022_FIFA_World_Cup
2023-04-13,3,1,-11.333333333333334,-34.0,2022_FIFA_World_Cup
2023-04-15,1,1,-26.0,-26.0,2022_FIFA_World_Cup
2023-04-18,1,1,-2.0,-2.0,2022_FIFA_World_Cup
2023-04-24,1,1,-31.0,-31.0,2022_FIFA_World_Cup
2023-04-26,4,1,-6.0,-24.0,2022_FIFA_World_Cup
2023-04-29,2,2,-20.5,-41.0,2022_FIFA_World_Cup
2023-05-03,1,1,-78.0,-78.0,2022_FIFA_World_Cup
2023-05-05,24,4,-147.25,-3534.0,2022_FIFA_World_Cup
2023-05-06,7,1,-826.1428571428571,-5783.0,2022_FIFA_World_Cup
2023-05-07,4,4,2348.75,9395.0,2022_FIFA_World_Cup
2023-05-08,4,3,-25.25,-101.0,2022_FIFA_World_Cup
2023-05-10,1,1,-142.0,-142.0,2022_FIFA_World_Cup
2023-05-11,1,1,-1431.0,-1431.0,2022_FIFA_World_Cup
2023-05-12,3,1,-272.0,-816.0,2022_FIFA_World_Cup
2023-05-13,2,2,168.0,336.0,2022_FIFA_World_Cup
2023-05-15,2,2,-93.0,-186.0,2022_FIFA_World_Cup
2023-05-18,3,3,-99.66666666666667,-299.0,2022_FIFA_World_Cup
2023-05-19,1,1,-753.0,-753.0,2022_FIFA_World_Cup
2023-05-26,6,2,2.5,15.0,2022_FIFA_World_Cup
2023-05-28,3,2,218.33333333333334,655.0,2022_FIFA_World_Cup
2023-05-30,1,1,28.0,28.0,2022_FIFA_World_Cup
2023-06-01,1,1,-1600.0,-1600.0,2022_FIFA_World_Cup
2023-06-02,3,1,747.6666666666666,2243.0,2022_FIFA_World_Cup
2023-06-03,3,3,-4.0,-12.0,2022_FIFA_World_Cup
2023-06-06,1,1,-2.0,-2.0,2022_FIFA_World_Cup
2023-06-07,2,2,-31.5,-63.0,2022_FIFA_World_Cup
2023-06-12,1,1,-21.0,-21.0,2022_FIFA_World_Cup
2023-06-16,1,1,-26.0,-26.0,2022_FIFA_World_Cup
2023-06-19,1,1,0.0,0.0,2022_FIFA_World_Cup
2023-06-20,2,2,-1361.5,-2723.0,2022_FIFA_World_Cup
2023-07-03,4,2,-49.0,-196.0,2022_FIFA_World_Cup
2023-07-06,1,1,-2.0,-2.0,2022_FIFA_World_Cup
2023-07-08,2,2,15240.0,30480.0,2022_FIFA_World_Cup
2023-07-09,2,2,-16492.0,-32984.0,2022_FIFA_World_Cup
2023-07-15,1,1,29.0,29.0,2022_FIFA_World_Cup
2023-07-16,2,1,533.0,1066.0,2022_FIFA_World_Cup
2023-07-17,6,5,32.5,195.0,2022_FIFA_World_Cup
2023-07-19,3,2,-30.0,-90.0,2022_FIFA_World_Cup
2023-07-22,2,2,25.5,51.0,2022_FIFA_World_Cup
2023-07-23,1,1,-247.0,-247.0,2022_FIFA_World_Cup
2023-07-24,15,4,-327.26666666666665,-4909.0,2022_FIFA_World_Cup
2023-07-25,2,2,-46.0,-92.0,2022_FIFA_World_Cup
2023-07-26,1,1,5.0,5.0,2022_FIFA_World_Cup
2023-07-27,1,1,-2897.0,-2897.0,2022_FIFA_World_Cup
2023-07-28,2,2,-43.0,-86.0,2022_FIFA_World_Cup
2023-07-30,1,1,-28.0,-28.0,2022_FIFA_World_Cup
2023-07-31,2,2,-2427.0,-4854.0,2022_FIFA_World_Cup
2023-08-07,6,2,-167.66666666666666,-1006.0,2022_FIFA_World_Cup
2023-08-09,2,2,3.0,6.0,2022_FIFA_World_Cup
2023-08-12,2,2,-7.0,-14.0,2022_FIFA_World_Cup
2023-08-13,26,2,443.5,11531.0,2022_FIFA_World_Cup
2023-08-14,2,2,-6.0,-12.0,2022_FIFA_World_Cup
2023-08-16,12,4,44.333333333333336,532.0,2022_FIFA_World_Cup
2023-08-17,17,2,275.1764705882353,4678.0,2022_FIFA_World_Cup
2023-08-19,37,2,353.97297297297297,13097.0,2022_FIFA_World_Cup
2023-08-20,3,2,-384.6666666666667,-1154.0,2022_FIFA_World_Cup
2023-08-21,3,3,189.0,567.0,2022_FIFA_World_Cup
2023-08-22,2,1,-341.0,-682.0,2022_FIFA_World_Cup
2023-08-24,10,1,-483.2,-4832.0,2022_FIFA_World_Cup
2023-08-26,4,3,1162.0,4648.0,2022_FIFA_World_Cup
2023-08-28,1,1,25.0,25.0,2022_FIFA_World_Cup
2023-09-01,1,1,-4737.0,-4737.0,2022_FIFA_World_Cup
2023-09-02,6,5,-34.333333333333336,-206.0,2022_FIFA_World_Cup
2023-09-03,5,4,27.6,138.0,2022_FIFA_World_Cup
2023-09-06,1,1,-21.0,-21.0,2022_FIFA_World_Cup
2023-09-07,2,2,2359.5,4719.0,2022_FIFA_World_Cup
2023-09-10,1,1,230.0,230.0,2022_FIFA_World_Cup
2023-09-11,1,1,-103.0,-103.0,2022_FIFA_World_Cup
2023-09-13,2,2,-17.0,-34.0,2022_FIFA_World_Cup
2023-09-15,2,2,29.0,58.0,2022_FIFA_World_Cup
2023-09-27,2,1,13.0,26.0,2022_FIFA_World_Cup
2023-10-02,1,1,-48.0,-48.0,2022_FIFA_World_Cup
2023-10-03,1,1,29.0,29.0,2022_FIFA_World_Cup
2023-10-05,1,1,-63.0,-63.0,2022_FIFA_World_Cup
2023-10-06,1,1,2.0,2.0,2022_FIFA_World_Cup
2023-10-10,5,4,42319.2,211596.0,2022_FIFA_World_Cup
2023-10-12,2,2,-105773.5,-211547.0,2022_FIFA_World_Cup
2023-10-13,1,1,-124.0,-124.0,2022_FIFA_World_Cup
2023-10-15,3,3,9.0,27.0,2022_FIFA_World_Cup
2023-10-18,1,1,3.0,3.0,2022_FIFA_World_Cup
2023-10-25,1,1,-52873.0,-52873.0,2022_FIFA_World_Cup
2023-10-27,1,1,-14.0,-14.0,2022_FIFA_World_Cup
2023-11-01,2,2,-24.0,-48.0,2022_FIFA_World_Cup
2023-11-04,1,1,62.0,62.0,2022_FIFA_World_Cup
2023-11-06,3,3,-195.33333333333334,-586.0,2022_FIFA_World_Cup
2023-11-07,1,1,-15.0,-15.0,2022_FIFA_World_Cup
2023-11-15,2,2,6.0,12.0,2022_FIFA_World_Cup
2023-11-17,1,1,-59.0,-59.0,2022_FIFA_World_Cup
2023-11-19,3,2,206.33333333333334,619.0,2022_FIFA_World_Cup
2023-11-21,1,1,35.0,35.0,2022_FIFA_World_Cup
2023-11-25,2,1,-3332.0,-6664.0,2022_FIFA_World_Cup
2023-11-26,1,1,-8.0,-8.0,2022_FIFA_World_Cup
2023-11-27,1,1,-149.0,-149.0,2022_FIFA_World_Cup
2023-12-13,1,1,-116.0,-116.0,2022_FIFA_World_Cup
2023-12-26,2,2,15.0,30.0,2022_FIFA_World_Cup
2023-12-28,1,1,-179.0,-179.0,2022_FIFA_World_Cup
2024-01-02,6,2,29.0,174.0,2022_FIFA_World_Cup
2024-01-08,2,1,13.5,27.0,2022_FIFA_World_Cup
2024-01-14,1,1,18.0,18.0,2022_FIFA_World_Cup
2024-01-16,1,1,-34.0,-34.0,2022_FIFA_World_Cup
2024-01-26,1,1,-2.0,-2.0,2022_FIFA_World_Cup
2024-01-31,1,1,0.0,0.0,2022_FIFA_World_Cup
2024-02-02,1,1,-4898.0,-4898.0,2022_FIFA_World_Cup
2024-02-03,2,2,0.0,0.0,2022_FIFA_World_Cup
2024-02-04,1,1,489.0,489.0,2022_FIFA_World_Cup
2024-02-05,4,3,1082.5,4330.0,2022_FIFA_World_Cup
2024-02-07,2,1,-4939.0,-9878.0,2022_FIFA_World_Cup
2024-02-08,8,2,503.75,4030.0,2022_FIFA_World_Cup
2024-02-10,1,1,-488.0,-488.0,2022_FIFA_World_Cup
2024-02-11,1,1,1.0,1.0,2022_FIFA_World_Cup
2024-02-13,1,1,-2.0,-2.0,2022_FIFA_World_Cup
2024-02-14,1,1,2.0,2.0,2022_FIFA_World_Cup
2024-02-22,1,1,-8.0,-8.0,2022_FIFA_World_Cup
2024-02-26,1,1,-8.0,-8.0,2022_FIFA_World_Cup
2024-02-28,2,1,-9.0,-18.0,2022_FIFA_World_Cup
2024-03-04,1,1,-11.0,-11.0,2022_FIFA_World_Cup
2024-03-05,1,1,-3735.0,-3735.0,2022_FIFA_World_Cup
2024-03-13,2,1,-1929.0,-3858.0,2022_FIFA_World_Cup
2024-03-14,9,2,-29.11111111111111,-262.0,2022_FIFA_World_Cup
2024-03-15,1,1,-44.0,-44.0,2022_FIFA_World_Cup
2024-03-18,3,2,5.0,15.0,2022_FIFA_World_Cup
2024-03-19,1,1,-180.0,-180.0,2022_FIFA_World_Cup
2024-03-30,1,1,-110.0,-110.0,2022_FIFA_World_Cup
2024-04-08,2,2,6.0,12.0,2022_FIFA_World_Cup
2024-04-10,1,1,-66.0,-66.0,2022_FIFA_World_Cup
2024-04-18,1,1,0.0,0.0,2022_FIFA_World_Cup
2024-04-21,1,1,-5.0,-5.0,2022_FIFA_World_Cup
2024-04-22,1,1,-5.0,-5.0,2022_FIFA_World_Cup
2024-04-23,1,1,-20.0,-20.0,2022_FIFA_World_Cup
2024-04-26,1,1,-1304.0,-1304.0,2022_FIFA_World_Cup
2024-04-27,2,1,-31.5,-63.0,2022_FIFA_World_Cup
2024-04-28,1,1,-317.0,-317.0,2022_FIFA_World_Cup
2024-04-29,3,1,102.66666666666667,308.0,2022_FIFA_World_Cup
2024-04-30,2,2,3097.0,6194.0,2022_FIFA_World_Cup
2024-05-06,1,1,-146.0,-146.0,2022_FIFA_World_Cup
2024-05-09,1,1,-34.0,-34.0,2022_FIFA_World_Cup
2024-05-10,1,1,-4.0,-4.0,2022_FIFA_World_Cup
2024-05-12,1,1,-236.0,-236.0,2022_FIFA_World_Cup
2024-05-20,2,2,-62.0,-124.0,2022_FIFA_World_Cup
2024-05-23,1,1,-19.0,-19.0,2022_FIFA_World_Cup
2024-05-25,1,1,42.0,42.0,2022_FIFA_World_Cup
2024-06-05,1,1,9.0,9.0,2022_FIFA_World_Cup
2024-06-15,1,1,-182.0,-182.0,2022_FIFA_World_Cup
2024-06-20,1,1,-1.0,-1.0,2022_FIFA_World_Cup
2024-06-21,1,1,-76.0,-76.0,2022_FIFA_World_Cup
2024-06-23,2,2,0.0,0.0,2022_FIFA_World_Cup
2024-06-25,1,1,-18.0,-18.0,2022_FIFA_World_Cup
2024-06-27,1,1,-5.0,-5.0,2022_FIFA_World_Cup
2024-07-01,1,1,59.0,59.0,2022_FIFA_World_Cup
2024-07-04,2,2,-29.5,-59.0,2022_FIFA_World_Cup
2024-07-08,1,1,-40.0,-40.0,2022_FIFA_World_Cup
2024-07-20,2,2,18.0,36.0,2022_FIFA_World_Cup
2024-07-26,1,1,-12.0,-12.0,2022_FIFA_World_Cup
2024-07-27,1,1,110.0,110.0,2022_FIFA_World_Cup
2024-07-29,1,1,-19.0,-19.0,2022_FIFA_World_Cup
2024-08-03,1,1,-8.0,-8.0,2022_FIFA_World_Cup
2024-08-07,1,1,1.0,1.0,2022_FIFA_World_Cup
2024-08-08,15,3,0.7333333333333333,11.0,2022_FIFA_World_Cup
2024-08-13,2,2,-5.5,-11.0,2022_FIFA_World_Cup
2024-08-15,1,1,-1967.0,-1967.0,2022_FIFA_World_Cup
2024-08-17,1,1,-842.0,-842.0,2022_FIFA_World_Cup
2024-08-20,2,2,-180.0,-360.0,2022_FIFA_World_Cup
2024-08-21,1,1,66.0,66.0,2022_FIFA_World_Cup
2024-08-22,2,2,-52.0,-104.0,2022_FIFA_World_Cup
2024-08-23,2,2,-18.5,-37.0,2022_FIFA_World_Cup
2024-08-24,2,1,12.5,25.0,2022_FIFA_World_Cup
2024-08-25,5,2,-9.2,-46.0,2022_FIFA_World_Cup
2024-08-29,1,1,2.0,2.0,2022_FIFA_World_Cup
2024-09-02,1,1,-54.0,-54.0,2022_FIFA_World_Cup
2024-09-03,1,1,0.0,0.0,2022_FIFA_World_Cup
2024-09-05,1,1,-12.0,-12.0,2022_FIFA_World_Cup
2024-09-10,2,1,-21523.0,-43046.0,2022_FIFA_World_Cup
2024-09-12,1,1,-80.0,-80.0,2022_FIFA_World_Cup
2024-09-19,1,1,-21.0,-21.0,2022_FIFA_World_Cup
2024-09-25,1,1,-430.0,-430.0,2022_FIFA_World_Cup
2024-09-30,1,1,-13.0,-13.0,2022_FIFA_World_Cup
2024-10-01,1,1,0.0,0.0,2022_FIFA_World_Cup
2024-10-02,1,1,-3.0,-3.0,2022_FIFA_World_Cup
2024-10-13,1,1,-2.0,-2.0,2022_FIFA_World_Cup
2024-10-21,1,1,-79.0,-79.0,2022_FIFA_World_Cup
2024-11-21,1,1,-127.0,-127.0,2022_FIFA_World_Cup
2024-11-22,1,1,13.0,13.0,2022_FIFA_World_Cup
2024-11-23,1,1,-260.0,-260.0,2022_FIFA_World_Cup
2024-11-24,16,1,-28.3125,-453.0,2022_FIFA_World_Cup
2024-11-27,1,1,-5.0,-5.0,2022_FIFA_World_Cup
2024-11-29,1,1,3.0,3.0,2022_FIFA_World_Cup
2024-12-09,3,1,4.666666666666667,14.0,2022_FIFA_World_Cup
2024-12-13,2,1,37.0,74.0,2022_FIFA_World_Cup
2024-12-15,1,1,-4.0,-4.0,2022_FIFA_World_Cup
2024-12-24,1,1,-637.0,-637.0,2022_FIFA_World_Cup
2024-12-25,1,1,-1604.0,-1604.0,2022_FIFA_World_Cup
2024-12-26,1,1,-47.0,-47.0,2022_FIFA_World_Cup
2024-12-27,3,2,75.33333333333333,226.0,2022_FIFA_World_Cup
2025-01-03,2,1,88.0,176.0,2022_FIFA_World_Cup
2025-01-04,1,1,-8.0,-8.0,2022_FIFA_World_Cup
2025-01-07,2,1,80.0,160.0,2022_FIFA_World_Cup
2025-01-11,1,1,8.0,8.0,2022_FIFA_World_Cup
2025-01-18,2,2,-3.5,-7.0,2022_FIFA_World_Cup
2025-01-21,1,1,-2.0,-2.0,2022_FIFA_World_Cup
2025-02-01,1,1,-2149.0,-2149.0,2022_FIFA_World_Cup
2025-02-06,6,2,983.1666666666666,5899.0,2022_FIFA_World_Cup
2025-02-10,1,1,-17.0,-17.0,2022_FIFA_World_Cup
2025-02-12,1,1,-169.0,-169.0,2022_FIFA_World_Cup
2025-02-15,2,1,-2.0,-4.0,2022_FIFA_World_Cup
2025-03-11,2,1,-1.0,-2.0,2022_FIFA_World_Cup
2025-03-12,2,2,4.5,9.0,2022_FIFA_World_Cup
2025-03-22,1,1,-9.0,-9.0,2022_FIFA_World_Cup
2025-04-01,1,1,7.0,7.0,2022_FIFA_World_Cup
2025-04-05,1,1,-4546.0,-4546.0,2022_FIFA_World_Cup
2025-04-07,19,1,-78.78947368421052,-1497.0,2022_FIFA_World_Cup
2025-04-08,1,1,-16.0,-16.0,2022_FIFA_World_Cup
2025-04-15,1,1,285.0,285.0,2022_FIFA_World_Cup
2025-04-23,1,1,237.0,237.0,2022_FIFA_World_Cup
2025-04-24,1,1,0.0,0.0,2022_FIFA_World_Cup
2025-04-26,1,1,-115.0,-115.0,2022_FIFA_World_Cup
2025-05-16,1,1,23.0,23.0,2022_FIFA_World_Cup
2025-05-17,2,2,-24.0,-48.0,2022_FIFA_World_Cup
2025-05-24,1,1,-6.0,-6.0,2022_FIFA_World_Cup
2025-06-01,1,1,-10.0,-10.0,2022_FIFA_World_Cup
2025-06-02,1,1,-115.0,-115.0,2022_FIFA_World_Cup
2025-06-06,3,1,-53.666666666666664,-161.0,2022_FIFA_World_Cup
2025-06-07,3,2,-11.333333333333334,-34.0,2022_FIFA_World_Cup
2025-06-10,2,2,2.5,5.0,2022_FIFA_World_Cup
2025-06-12,1,1,-90.0,-90.0,2022_FIFA_World_Cup
2025-06-13,1,1,187.0,187.0,2022_FIFA_World_Cup
2025-06-14,1,1,-21.0,-21.0,2022_FIFA_World_Cup
2025-06-18,1,1,5758.0,5758.0,2022_FIFA_World_Cup
2025-06-20,1,1,0.0,0.0,2022_FIFA_World_Cup
2025-06-24,2,2,2.5,5.0,2022_FIFA_World_Cup
2025-06-26,3,2,5.666666666666667,17.0,2022_FIFA_World_Cup
2025-06-27,1,1,-5535.0,-5535.0,2022_FIFA_World_Cup
2025-07-03,2,1,-166.0,-332.0,2022_FIFA_World_Cup
2025-07-08,5,2,-235.2,-1176.0,2022_FIFA_World_Cup
2025-07-09,1,1,52.0,52.0,2022_FIFA_World_Cup
2025-07-10,2,2,0.0,0.0,2022_FIFA_World_Cup
2025-07-11,1,1,5758.0,5758.0,2022_FIFA_World_Cup
2025-07-13,1,1,-399.0,-399.0,2022_FIFA_World_Cup
2025-07-22,1,1,20.0,20.0,2022_FIFA_World_Cup
2025-07-30,1,1,33.0,33.0,2022_FIFA_World_Cup
2025-08-04,1,1,-165.0,-165.0,2022_FIFA_World_Cup
2025-08-18,1,1,14.0,14.0,2022_FIFA_World_Cup
2025-08-19,11,1,3996.7272727272725,43964.0,2022_FIFA_World_Cup
2025-08-22,1,1,-63.0,-63.0,2022_FIFA_World_Cup
2025-08-29,2,1,-53.0,-106.0,2022_FIFA_World_Cup
2025-09-05,3,3,-52.0,-156.0,2022_FIFA_World_Cup
2025-09-18,1,1,-26.0,-26.0,2022_FIFA_World_Cup
2025-10-03,1,1,1.0,1.0,2022_FIFA_World_Cup
2025-10-06,1,1,-7.0,-7.0,2022_FIFA_World_Cup
2025-10-09,3,1,-42.333333333333336,-127.0,2022_FIFA_World_Cup
2025-10-13,1,1,-53.0,-53.0,2022_FIFA_World_Cup
2025-10-14,2,1,-33.5,-67.0,2022_FIFA_World_Cup
2025-10-15,2,2,-246.5,-493.0,2022_FIFA_World_Cup
2025-10-16,1,1,0.0,0.0,2022_FIFA_World_Cup
2025-10-17,1,1,1.0,1.0,2022_FIFA_World_Cup
2025-10-19,1,1,77.0,77.0,2022_FIFA_World_Cup
2025-10-20,1,1,-6.0,-6.0,2022_FIFA_World_Cup
2025-10-21,1,1,0.0,0.0,2022_FIFA_World_Cup
2025-10-22,2,2,-11.5,-23.0,2022_FIFA_World_Cup
2025-10-29,1,1,0.0,0.0,2022_FIFA_World_Cup
2025-10-31,1,1,-4.0,-4.0,2022_FIFA_World_Cup
2025-11-05,1,1,-16.0,-16.0,2022_FIFA_World_Cup
2025-11-08,1,1,6.0,6.0,2022_FIFA_World_Cup
2025-11-10,1,1,-63.0,-63.0,2022_FIFA_World_Cup
2025-11-13,3,1,-20.666666666666668,-62.0,2022_FIFA_World_Cup
2025-11-14,2,1,-45.0,-90.0,2022_FIFA_World_Cup
2025-11-15,1,1,-42.0,-42.0,2022_FIFA_World_Cup
2025-11-17,1,1,-90.0,-90.0,2022_FIFA_World_Cup
2025-11-18,1,1,-46.0,-46.0,2022_FIFA_World_Cup
2025-11-19,5,3,437.6,2188.0,2022_FIFA_World_Cup
2025-11-21,3,1,-346.6666666666667,-1040.0,2022_FIFA_World_Cup
2025-11-22,18,3,-306.94444444444446,-5525.0,2022_FIFA_World_Cup
2025-11-23,3,2,51.333333333333336,154.0,2022_FIFA_World_Cup
2025-11-25,1,1,133.0,133.0,2022_FIFA_World_Cup
2025-11-29,1,1,0.0,0.0,2022_FIFA_World_Cup
2025-11-30,3,2,-2.6666666666666665,-8.0,2022_FIFA_World_Cup
2025-12-01,2,2,10.0,20.0,2022_FIFA_World_Cup
2025-12-04,2,1,-41.5,-83.0,2022_FIFA_World_Cup
2025-12-06,1,1,-3.0,-3.0,2022_FIFA_World_Cup
2025-12-07,2,2,-0.5,-1.0,2022_FIFA_World_Cup
2025-12-12,3,1,-5.333333333333333,-16.0,2022_FIFA_World_Cup
2025-12-13,1,1,-27.0,-27.0,2022_FIFA_World_Cup
2025-12-28,1,1,-9.0,-9.0,2022_FIFA_World_Cup
2026-01-06,1,1,-2397.0,-2397.0,2022_FIFA_World_Cup
2026-01-08,4,1,811.25,3245.0,2022_FIFA_World_Cup
2026-01-19,1,1,-34.0,-34.0,2022_FIFA_World_Cup
2026-01-22,1,1,-21.0,-21.0,2022_FIFA_World_Cup
2026-02-09,1,1,895.0,895.0,2022_FIFA_World_Cup
2026-02-23,1,1,144.0,144.0,2022_FIFA_World_Cup
2026-02-25,1,1,-22.0,-22.0,2022_FIFA_World_Cup
2026-02-26,2,2,-38.5,-77.0,2022_FIFA_World_Cup
2026-02-27,1,1,-46.0,-46.0,2022_FIFA_World_Cup
2026-02-28,3,1,-38.666666666666664,-116.0,2022_FIFA_World_Cup
2026-03-02,1,1,-4.0,-4.0,2022_FIFA_World_Cup
2026-03-10,1,1,16.0,16.0,2022_FIFA_World_Cup
2026-03-20,1,1,4.0,4.0,2022_FIFA_World_Cup
2026-03-22,2,2,1.5,3.0,2022_FIFA_World_Cup
2026-03-23,1,1,-40.0,-40.0,2022_FIFA_World_Cup
2026-03-26,2,1,-39.0,-78.0,2022_FIFA_World_Cup
2026-03-31,4,3,-80.75,-323.0,2022_FIFA_World_Cup
2026-04-01,2,1,-21.0,-42.0,2022_FIFA_World_Cup
2026-04-02,4,1,-45.5,-182.0,2022_FIFA_World_Cup
2026-04-07,2,2,19.0,38.0,2022_FIFA_World_Cup
